,DateTime,temp
0,2024-01-01 00:00:00,8.0
1,2024-01-01 00:30:00,8.0
2,2024-01-01 01:00:00,8.0
3,2024-01-01 01:30:00,8.0
4,2024-01-01 02:00:00,8.0
5,2024-01-01 02:30:00,8.0
6,2024-01-01 03:00:00,8.0
7,2024-01-01 03:30:00,8.0
8,2024-01-01 04:00:00,8.0
9,2024-01-01 04:30:00,8.0
10,2024-01-01 05:00:00,8.0
11,2024-01-01 05:30:00,8.0
12,2024-01-01 06:00:00,8.0
13,2024-01-01 06:30:00,8.0
14,2024-01-01 07:00:00,8.0
15,2024-01-01 07:30:00,8.0
16,2024-01-01 08:00:00,8.0
17,2024-01-01 08:30:00,8.0
18,2024-01-01 09:00:00,8.0
19,2024-01-01 09:30:00,8.0
20,2024-01-01 10:00:00,8.0
21,2024-01-01 10:30:00,8.0
22,2024-01-01 11:00:00,8.0
23,2024-01-01 11:30:00,8.0
24,2024-01-01 12:00:00,8.0
25,2024-01-01 12:30:00,8.0
26,2024-01-01 13:00:00,8.0
27,2024-01-01 13:30:00,8.0
28,2024-01-01 14:00:00,8.0
29,2024-01-01 14:30:00,8.0
30,2024-01-01 15:00:00,8.0
31,2024-01-01 15:30:00,8.0
32,2024-01-01 16:00:00,8.0
33,2024-01-01 16:30:00,8.0
34,2024-01-01 17:00:00,8.0
35,2024-01-01 17:30:00,8.0
36,2024-01-01 18:00:00,8.0
37,2024-01-01 18:30:00,8.0
38,2024-01-01 19:00:00,8.0
39,2024-01-01 19:30:00,8.0
40,2024-01-01 20:00:00,8.0
41,2024-01-01 20:30:00,8.0
42,2024-01-01 21:00:00,8.0
43,2024-01-01 21:30:00,8.0
44,2024-01-01 22:00:00,8.0
45,2024-01-01 22:30:00,8.0
46,2024-01-01 23:00:00,8.0
47,2024-01-01 23:30:00,8.0
48,2024-01-02 00:00:00,8.5
49,2024-01-02 00:30:00,8.5
50,2024-01-02 01:00:00,8.5
51,2024-01-02 01:30:00,8.5
52,2024-01-02 02:00:00,8.5
53,2024-01-02 02:30:00,8.5
54,2024-01-02 03:00:00,8.5
55,2024-01-02 03:30:00,8.5
56,2024-01-02 04:00:00,8.5
57,2024-01-02 04:30:00,8.5
58,2024-01-02 05:00:00,8.5
59,2024-01-02 05:30:00,8.5
60,2024-01-02 06:00:00,8.5
61,2024-01-02 06:30:00,8.5
62,2024-01-02 07:00:00,8.5
63,2024-01-02 07:30:00,8.5
64,2024-01-02 08:00:00,8.5
65,2024-01-02 08:30:00,8.5
66,2024-01-02 09:00:00,8.5
67,2024-01-02 09:30:00,8.5
68,2024-01-02 10:00:00,8.5
69,2024-01-02 10:30:00,8.5
70,2024-01-02 11:00:00,8.5
71,2024-01-02 11:30:00,8.5
72,2024-01-02 12:00:00,8.5
73,2024-01-02 12:30:00,8.5
74,2024-01-02 13:00:00,8.5
75,2024-01-02 13:30:00,8.5
76,2024-01-02 14:00:00,8.5
77,2024-01-02 14:30:00,8.5
78,2024-01-02 15:00:00,8.5
79,2024-01-02 15:30:00,8.5
80,2024-01-02 16:00:00,8.5
81,2024-01-02 16:30:00,8.5
82,2024-01-02 17:00:00,8.5
83,2024-01-02 17:30:00,8.5
84,2024-01-02 18:00:00,8.5
85,2024-01-02 18:30:00,8.5
86,2024-01-02 19:00:00,8.5
87,2024-01-02 19:30:00,8.5
88,2024-01-02 20:00:00,8.5
89,2024-01-02 20:30:00,8.5
90,2024-01-02 21:00:00,8.5
91,2024-01-02 21:30:00,8.5
92,2024-01-02 22:00:00,8.5
93,2024-01-02 22:30:00,8.5
94,2024-01-02 23:00:00,8.5
95,2024-01-02 23:30:00,8.5
96,2024-01-03 00:00:00,8.0
97,2024-01-03 00:30:00,8.0
98,2024-01-03 01:00:00,8.0
99,2024-01-03 01:30:00,8.0
100,2024-01-03 02:00:00,8.0
101,2024-01-03 02:30:00,8.0
102,2024-01-03 03:00:00,8.0
103,2024-01-03 03:30:00,8.0
104,2024-01-03 04:00:00,8.0
105,2024-01-03 04:30:00,8.0
106,2024-01-03 05:00:00,8.0
107,2024-01-03 05:30:00,8.0
108,2024-01-03 06:00:00,8.0
109,2024-01-03 06:30:00,8.0
110,2024-01-03 07:00:00,8.0
111,2024-01-03 07:30:00,8.0
112,2024-01-03 08:00:00,8.0
113,2024-01-03 08:30:00,8.0
114,2024-01-03 09:00:00,8.0
115,2024-01-03 09:30:00,8.0
116,2024-01-03 10:00:00,8.0
117,2024-01-03 10:30:00,8.0
118,2024-01-03 11:00:00,8.0
119,2024-01-03 11:30:00,8.0
120,2024-01-03 12:00:00,8.0
121,2024-01-03 12:30:00,8.0
122,2024-01-03 13:00:00,8.0
123,2024-01-03 13:30:00,8.0
124,2024-01-03 14:00:00,8.0
125,2024-01-03 14:30:00,8.0
126,2024-01-03 15:00:00,8.0
127,2024-01-03 15:30:00,8.0
128,2024-01-03 16:00:00,8.0
129,2024-01-03 16:30:00,8.0
130,2024-01-03 17:00:00,8.0
131,2024-01-03 17:30:00,8.0
132,2024-01-03 18:00:00,8.0
133,2024-01-03 18:30:00,8.0
134,2024-01-03 19:00:00,8.0
135,2024-01-03 19:30:00,8.0
136,2024-01-03 20:00:00,8.0
137,2024-01-03 20:30:00,8.0
138,2024-01-03 21:00:00,8.0
139,2024-01-03 21:30:00,8.0
140,2024-01-03 22:00:00,8.0
141,2024-01-03 22:30:00,8.0
142,2024-01-03 23:00:00,8.0
143,2024-01-03 23:30:00,8.0
144,2024-01-04 00:00:00,5.5
145,2024-01-04 00:30:00,5.5
146,2024-01-04 01:00:00,5.5
147,2024-01-04 01:30:00,5.5
148,2024-01-04 02:00:00,5.5
149,2024-01-04 02:30:00,5.5
150,2024-01-04 03:00:00,5.5
151,2024-01-04 03:30:00,5.5
152,2024-01-04 04:00:00,5.5
153,2024-01-04 04:30:00,5.5
154,2024-01-04 05:00:00,5.5
155,2024-01-04 05:30:00,5.5
156,2024-01-04 06:00:00,5.5
157,2024-01-04 06:30:00,5.5
158,2024-01-04 07:00:00,5.5
159,2024-01-04 07:30:00,5.5
160,2024-01-04 08:00:00,5.5
161,2024-01-04 08:30:00,5.5
162,2024-01-04 09:00:00,5.5
163,2024-01-04 09:30:00,5.5
164,2024-01-04 10:00:00,5.5
165,2024-01-04 10:30:00,5.5
166,2024-01-04 11:00:00,5.5
167,2024-01-04 11:30:00,5.5
168,2024-01-04 12:00:00,5.5
169,2024-01-04 12:30:00,5.5
170,2024-01-04 13:00:00,5.5
171,2024-01-04 13:30:00,5.5
172,2024-01-04 14:00:00,5.5
173,2024-01-04 14:30:00,5.5
174,2024-01-04 15:00:00,5.5
175,2024-01-04 15:30:00,5.5
176,2024-01-04 16:00:00,5.5
177,2024-01-04 16:30:00,5.5
178,2024-01-04 17:00:00,5.5
179,2024-01-04 17:30:00,5.5
180,2024-01-04 18:00:00,5.5
181,2024-01-04 18:30:00,5.5
182,2024-01-04 19:00:00,5.5
183,2024-01-04 19:30:00,5.5
184,2024-01-04 20:00:00,5.5
185,2024-01-04 20:30:00,5.5
186,2024-01-04 21:00:00,5.5
187,2024-01-04 21:30:00,5.5
188,2024-01-04 22:00:00,5.5
189,2024-01-04 22:30:00,5.5
190,2024-01-04 23:00:00,5.5
191,2024-01-04 23:30:00,5.5
192,2024-01-05 00:00:00,5.0
193,2024-01-05 00:30:00,5.0
194,2024-01-05 01:00:00,5.0
195,2024-01-05 01:30:00,5.0
196,2024-01-05 02:00:00,5.0
197,2024-01-05 02:30:00,5.0
198,2024-01-05 03:00:00,5.0
199,2024-01-05 03:30:00,5.0
200,2024-01-05 04:00:00,5.0
201,2024-01-05 04:30:00,5.0
202,2024-01-05 05:00:00,5.0
203,2024-01-05 05:30:00,5.0
204,2024-01-05 06:00:00,5.0
205,2024-01-05 06:30:00,5.0
206,2024-01-05 07:00:00,5.0
207,2024-01-05 07:30:00,5.0
208,2024-01-05 08:00:00,5.0
209,2024-01-05 08:30:00,5.0
210,2024-01-05 09:00:00,5.0
211,2024-01-05 09:30:00,5.0
212,2024-01-05 10:00:00,5.0
213,2024-01-05 10:30:00,5.0
214,2024-01-05 11:00:00,5.0
215,2024-01-05 11:30:00,5.0
216,2024-01-05 12:00:00,5.0
217,2024-01-05 12:30:00,5.0
218,2024-01-05 13:00:00,5.0
219,2024-01-05 13:30:00,5.0
220,2024-01-05 14:00:00,5.0
221,2024-01-05 14:30:00,5.0
222,2024-01-05 15:00:00,5.0
223,2024-01-05 15:30:00,5.0
224,2024-01-05 16:00:00,5.0
225,2024-01-05 16:30:00,5.0
226,2024-01-05 17:00:00,5.0
227,2024-01-05 17:30:00,5.0
228,2024-01-05 18:00:00,5.0
229,2024-01-05 18:30:00,5.0
230,2024-01-05 19:00:00,5.0
231,2024-01-05 19:30:00,5.0
232,2024-01-05 20:00:00,5.0
233,2024-01-05 20:30:00,5.0
234,2024-01-05 21:00:00,5.0
235,2024-01-05 21:30:00,5.0
236,2024-01-05 22:00:00,5.0
237,2024-01-05 22:30:00,5.0
238,2024-01-05 23:00:00,5.0
239,2024-01-05 23:30:00,5.0
240,2024-01-06 00:00:00,5.0
241,2024-01-06 00:30:00,5.0
242,2024-01-06 01:00:00,5.0
243,2024-01-06 01:30:00,5.0
244,2024-01-06 02:00:00,5.0
245,2024-01-06 02:30:00,5.0
246,2024-01-06 03:00:00,5.0
247,2024-01-06 03:30:00,5.0
248,2024-01-06 04:00:00,5.0
249,2024-01-06 04:30:00,5.0
250,2024-01-06 05:00:00,5.0
251,2024-01-06 05:30:00,5.0
252,2024-01-06 06:00:00,5.0
253,2024-01-06 06:30:00,5.0
254,2024-01-06 07:00:00,5.0
255,2024-01-06 07:30:00,5.0
256,2024-01-06 08:00:00,5.0
257,2024-01-06 08:30:00,5.0
258,2024-01-06 09:00:00,5.0
259,2024-01-06 09:30:00,5.0
260,2024-01-06 10:00:00,5.0
261,2024-01-06 10:30:00,5.0
262,2024-01-06 11:00:00,5.0
263,2024-01-06 11:30:00,5.0
264,2024-01-06 12:00:00,5.0
265,2024-01-06 12:30:00,5.0
266,2024-01-06 13:00:00,5.0
267,2024-01-06 13:30:00,5.0
268,2024-01-06 14:00:00,5.0
269,2024-01-06 14:30:00,5.0
270,2024-01-06 15:00:00,5.0
271,2024-01-06 15:30:00,5.0
272,2024-01-06 16:00:00,5.0
273,2024-01-06 16:30:00,5.0
274,2024-01-06 17:00:00,5.0
275,2024-01-06 17:30:00,5.0
276,2024-01-06 18:00:00,5.0
277,2024-01-06 18:30:00,5.0
278,2024-01-06 19:00:00,5.0
279,2024-01-06 19:30:00,5.0
280,2024-01-06 20:00:00,5.0
281,2024-01-06 20:30:00,5.0
282,2024-01-06 21:00:00,5.0
283,2024-01-06 21:30:00,5.0
284,2024-01-06 22:00:00,5.0
285,2024-01-06 22:30:00,5.0
286,2024-01-06 23:00:00,5.0
287,2024-01-06 23:30:00,5.0
288,2024-01-07 00:00:00,2.0
289,2024-01-07 00:30:00,2.0
290,2024-01-07 01:00:00,2.0
291,2024-01-07 01:30:00,2.0
292,2024-01-07 02:00:00,2.0
293,2024-01-07 02:30:00,2.0
294,2024-01-07 03:00:00,2.0
295,2024-01-07 03:30:00,2.0
296,2024-01-07 04:00:00,2.0
297,2024-01-07 04:30:00,2.0
298,2024-01-07 05:00:00,2.0
299,2024-01-07 05:30:00,2.0
300,2024-01-07 06:00:00,2.0
301,2024-01-07 06:30:00,2.0
302,2024-01-07 07:00:00,2.0
303,2024-01-07 07:30:00,2.0
304,2024-01-07 08:00:00,2.0
305,2024-01-07 08:30:00,2.0
306,2024-01-07 09:00:00,2.0
307,2024-01-07 09:30:00,2.0
308,2024-01-07 10:00:00,2.0
309,2024-01-07 10:30:00,2.0
310,2024-01-07 11:00:00,2.0
311,2024-01-07 11:30:00,2.0
312,2024-01-07 12:00:00,2.0
313,2024-01-07 12:30:00,2.0
314,2024-01-07 13:00:00,2.0
315,2024-01-07 13:30:00,2.0
316,2024-01-07 14:00:00,2.0
317,2024-01-07 14:30:00,2.0
318,2024-01-07 15:00:00,2.0
319,2024-01-07 15:30:00,2.0
320,2024-01-07 16:00:00,2.0
321,2024-01-07 16:30:00,2.0
322,2024-01-07 17:00:00,2.0
323,2024-01-07 17:30:00,2.0
324,2024-01-07 18:00:00,2.0
325,2024-01-07 18:30:00,2.0
326,2024-01-07 19:00:00,2.0
327,2024-01-07 19:30:00,2.0
328,2024-01-07 20:00:00,2.0
329,2024-01-07 20:30:00,2.0
330,2024-01-07 21:00:00,2.0
331,2024-01-07 21:30:00,2.0
332,2024-01-07 22:00:00,2.0
333,2024-01-07 22:30:00,2.0
334,2024-01-07 23:00:00,2.0
335,2024-01-07 23:30:00,2.0
336,2024-01-08 00:00:00,1.5
337,2024-01-08 00:30:00,1.5
338,2024-01-08 01:00:00,1.5
339,2024-01-08 01:30:00,1.5
340,2024-01-08 02:00:00,1.5
341,2024-01-08 02:30:00,1.5
342,2024-01-08 03:00:00,1.5
343,2024-01-08 03:30:00,1.5
344,2024-01-08 04:00:00,1.5
345,2024-01-08 04:30:00,1.5
346,2024-01-08 05:00:00,1.5
347,2024-01-08 05:30:00,1.5
348,2024-01-08 06:00:00,1.5
349,2024-01-08 06:30:00,1.5
350,2024-01-08 07:00:00,1.5
351,2024-01-08 07:30:00,1.5
352,2024-01-08 08:00:00,1.5
353,2024-01-08 08:30:00,1.5
354,2024-01-08 09:00:00,1.5
355,2024-01-08 09:30:00,1.5
356,2024-01-08 10:00:00,1.5
357,2024-01-08 10:30:00,1.5
358,2024-01-08 11:00:00,1.5
359,2024-01-08 11:30:00,1.5
360,2024-01-08 12:00:00,1.5
361,2024-01-08 12:30:00,1.5
362,2024-01-08 13:00:00,1.5
363,2024-01-08 13:30:00,1.5
364,2024-01-08 14:00:00,1.5
365,2024-01-08 14:30:00,1.5
366,2024-01-08 15:00:00,1.5
367,2024-01-08 15:30:00,1.5
368,2024-01-08 16:00:00,1.5
369,2024-01-08 16:30:00,1.5
370,2024-01-08 17:00:00,1.5
371,2024-01-08 17:30:00,1.5
372,2024-01-08 18:00:00,1.5
373,2024-01-08 18:30:00,1.5
374,2024-01-08 19:00:00,1.5
375,2024-01-08 19:30:00,1.5
376,2024-01-08 20:00:00,1.5
377,2024-01-08 20:30:00,1.5
378,2024-01-08 21:00:00,1.5
379,2024-01-08 21:30:00,1.5
380,2024-01-08 22:00:00,1.5
381,2024-01-08 22:30:00,1.5
382,2024-01-08 23:00:00,1.5
383,2024-01-08 23:30:00,1.5
384,2024-01-09 00:00:00,2.0
385,2024-01-09 00:30:00,2.0
386,2024-01-09 01:00:00,2.0
387,2024-01-09 01:30:00,2.0
388,2024-01-09 02:00:00,2.0
389,2024-01-09 02:30:00,2.0
390,2024-01-09 03:00:00,2.0
391,2024-01-09 03:30:00,2.0
392,2024-01-09 04:00:00,2.0
393,2024-01-09 04:30:00,2.0
394,2024-01-09 05:00:00,2.0
395,2024-01-09 05:30:00,2.0
396,2024-01-09 06:00:00,2.0
397,2024-01-09 06:30:00,2.0
398,2024-01-09 07:00:00,2.0
399,2024-01-09 07:30:00,2.0
400,2024-01-09 08:00:00,2.0
401,2024-01-09 08:30:00,2.0
402,2024-01-09 09:00:00,2.0
403,2024-01-09 09:30:00,2.0
404,2024-01-09 10:00:00,2.0
405,2024-01-09 10:30:00,2.0
406,2024-01-09 11:00:00,2.0
407,2024-01-09 11:30:00,2.0
408,2024-01-09 12:00:00,2.0
409,2024-01-09 12:30:00,2.0
410,2024-01-09 13:00:00,2.0
411,2024-01-09 13:30:00,2.0
412,2024-01-09 14:00:00,2.0
413,2024-01-09 14:30:00,2.0
414,2024-01-09 15:00:00,2.0
415,2024-01-09 15:30:00,2.0
416,2024-01-09 16:00:00,2.0
417,2024-01-09 16:30:00,2.0
418,2024-01-09 17:00:00,2.0
419,2024-01-09 17:30:00,2.0
420,2024-01-09 18:00:00,2.0
421,2024-01-09 18:30:00,2.0
422,2024-01-09 19:00:00,2.0
423,2024-01-09 19:30:00,2.0
424,2024-01-09 20:00:00,2.0
425,2024-01-09 20:30:00,2.0
426,2024-01-09 21:00:00,2.0
427,2024-01-09 21:30:00,2.0
428,2024-01-09 22:00:00,2.0
429,2024-01-09 22:30:00,2.0
430,2024-01-09 23:00:00,2.0
431,2024-01-09 23:30:00,2.0
432,2024-01-10 00:00:00,3.5
433,2024-01-10 00:30:00,3.5
434,2024-01-10 01:00:00,3.5
435,2024-01-10 01:30:00,3.5
436,2024-01-10 02:00:00,3.5
437,2024-01-10 02:30:00,3.5
438,2024-01-10 03:00:00,3.5
439,2024-01-10 03:30:00,3.5
440,2024-01-10 04:00:00,3.5
441,2024-01-10 04:30:00,3.5
442,2024-01-10 05:00:00,3.5
443,2024-01-10 05:30:00,3.5
444,2024-01-10 06:00:00,3.5
445,2024-01-10 06:30:00,3.5
446,2024-01-10 07:00:00,3.5
447,2024-01-10 07:30:00,3.5
448,2024-01-10 08:00:00,3.5
449,2024-01-10 08:30:00,3.5
450,2024-01-10 09:00:00,3.5
451,2024-01-10 09:30:00,3.5
452,2024-01-10 10:00:00,3.5
453,2024-01-10 10:30:00,3.5
454,2024-01-10 11:00:00,3.5
455,2024-01-10 11:30:00,3.5
456,2024-01-10 12:00:00,3.5
457,2024-01-10 12:30:00,3.5
458,2024-01-10 13:00:00,3.5
459,2024-01-10 13:30:00,3.5
460,2024-01-10 14:00:00,3.5
461,2024-01-10 14:30:00,3.5
462,2024-01-10 15:00:00,3.5
463,2024-01-10 15:30:00,3.5
464,2024-01-10 16:00:00,3.5
465,2024-01-10 16:30:00,3.5
466,2024-01-10 17:00:00,3.5
467,2024-01-10 17:30:00,3.5
468,2024-01-10 18:00:00,3.5
469,2024-01-10 18:30:00,3.5
470,2024-01-10 19:00:00,3.5
471,2024-01-10 19:30:00,3.5
472,2024-01-10 20:00:00,3.5
473,2024-01-10 20:30:00,3.5
474,2024-01-10 21:00:00,3.5
475,2024-01-10 21:30:00,3.5
476,2024-01-10 22:00:00,3.5
477,2024-01-10 22:30:00,3.5
478,2024-01-10 23:00:00,3.5
479,2024-01-10 23:30:00,3.5
480,2024-01-11 00:00:00,4.5
481,2024-01-11 00:30:00,4.5
482,2024-01-11 01:00:00,4.5
483,2024-01-11 01:30:00,4.5
484,2024-01-11 02:00:00,4.5
485,2024-01-11 02:30:00,4.5
486,2024-01-11 03:00:00,4.5
487,2024-01-11 03:30:00,4.5
488,2024-01-11 04:00:00,4.5
489,2024-01-11 04:30:00,4.5
490,2024-01-11 05:00:00,4.5
491,2024-01-11 05:30:00,4.5
492,2024-01-11 06:00:00,4.5
493,2024-01-11 06:30:00,4.5
494,2024-01-11 07:00:00,4.5
495,2024-01-11 07:30:00,4.5
496,2024-01-11 08:00:00,4.5
497,2024-01-11 08:30:00,4.5
498,2024-01-11 09:00:00,4.5
499,2024-01-11 09:30:00,4.5
500,2024-01-11 10:00:00,4.5
501,2024-01-11 10:30:00,4.5
502,2024-01-11 11:00:00,4.5
503,2024-01-11 11:30:00,4.5
504,2024-01-11 12:00:00,4.5
505,2024-01-11 12:30:00,4.5
506,2024-01-11 13:00:00,4.5
507,2024-01-11 13:30:00,4.5
508,2024-01-11 14:00:00,4.5
509,2024-01-11 14:30:00,4.5
510,2024-01-11 15:00:00,4.5
511,2024-01-11 15:30:00,4.5
512,2024-01-11 16:00:00,4.5
513,2024-01-11 16:30:00,4.5
514,2024-01-11 17:00:00,4.5
515,2024-01-11 17:30:00,4.5
516,2024-01-11 18:00:00,4.5
517,2024-01-11 18:30:00,4.5
518,2024-01-11 19:00:00,4.5
519,2024-01-11 19:30:00,4.5
520,2024-01-11 20:00:00,4.5
521,2024-01-11 20:30:00,4.5
522,2024-01-11 21:00:00,4.5
523,2024-01-11 21:30:00,4.5
524,2024-01-11 22:00:00,4.5
525,2024-01-11 22:30:00,4.5
526,2024-01-11 23:00:00,4.5
527,2024-01-11 23:30:00,4.5
528,2024-01-12 00:00:00,4.0
529,2024-01-12 00:30:00,4.0
530,2024-01-12 01:00:00,4.0
531,2024-01-12 01:30:00,4.0
532,2024-01-12 02:00:00,4.0
533,2024-01-12 02:30:00,4.0
534,2024-01-12 03:00:00,4.0
535,2024-01-12 03:30:00,4.0
536,2024-01-12 04:00:00,4.0
537,2024-01-12 04:30:00,4.0
538,2024-01-12 05:00:00,4.0
539,2024-01-12 05:30:00,4.0
540,2024-01-12 06:00:00,4.0
541,2024-01-12 06:30:00,4.0
542,2024-01-12 07:00:00,4.0
543,2024-01-12 07:30:00,4.0
544,2024-01-12 08:00:00,4.0
545,2024-01-12 08:30:00,4.0
546,2024-01-12 09:00:00,4.0
547,2024-01-12 09:30:00,4.0
548,2024-01-12 10:00:00,4.0
549,2024-01-12 10:30:00,4.0
550,2024-01-12 11:00:00,4.0
551,2024-01-12 11:30:00,4.0
552,2024-01-12 12:00:00,4.0
553,2024-01-12 12:30:00,4.0
554,2024-01-12 13:00:00,4.0
555,2024-01-12 13:30:00,4.0
556,2024-01-12 14:00:00,4.0
557,2024-01-12 14:30:00,4.0
558,2024-01-12 15:00:00,4.0
559,2024-01-12 15:30:00,4.0
560,2024-01-12 16:00:00,4.0
561,2024-01-12 16:30:00,4.0
562,2024-01-12 17:00:00,4.0
563,2024-01-12 17:30:00,4.0
564,2024-01-12 18:00:00,4.0
565,2024-01-12 18:30:00,4.0
566,2024-01-12 19:00:00,4.0
567,2024-01-12 19:30:00,4.0
568,2024-01-12 20:00:00,4.0
569,2024-01-12 20:30:00,4.0
570,2024-01-12 21:00:00,4.0
571,2024-01-12 21:30:00,4.0
572,2024-01-12 22:00:00,4.0
573,2024-01-12 22:30:00,4.0
574,2024-01-12 23:00:00,4.0
575,2024-01-12 23:30:00,4.0
576,2024-01-13 00:00:00,5.0
577,2024-01-13 00:30:00,5.0
578,2024-01-13 01:00:00,5.0
579,2024-01-13 01:30:00,5.0
580,2024-01-13 02:00:00,5.0
581,2024-01-13 02:30:00,5.0
582,2024-01-13 03:00:00,5.0
583,2024-01-13 03:30:00,5.0
584,2024-01-13 04:00:00,5.0
585,2024-01-13 04:30:00,5.0
586,2024-01-13 05:00:00,5.0
587,2024-01-13 05:30:00,5.0
588,2024-01-13 06:00:00,5.0
589,2024-01-13 06:30:00,5.0
590,2024-01-13 07:00:00,5.0
591,2024-01-13 07:30:00,5.0
592,2024-01-13 08:00:00,5.0
593,2024-01-13 08:30:00,5.0
594,2024-01-13 09:00:00,5.0
595,2024-01-13 09:30:00,5.0
596,2024-01-13 10:00:00,5.0
597,2024-01-13 10:30:00,5.0
598,2024-01-13 11:00:00,5.0
599,2024-01-13 11:30:00,5.0
600,2024-01-13 12:00:00,5.0
601,2024-01-13 12:30:00,5.0
602,2024-01-13 13:00:00,5.0
603,2024-01-13 13:30:00,5.0
604,2024-01-13 14:00:00,5.0
605,2024-01-13 14:30:00,5.0
606,2024-01-13 15:00:00,5.0
607,2024-01-13 15:30:00,5.0
608,2024-01-13 16:00:00,5.0
609,2024-01-13 16:30:00,5.0
610,2024-01-13 17:00:00,5.0
611,2024-01-13 17:30:00,5.0
612,2024-01-13 18:00:00,5.0
613,2024-01-13 18:30:00,5.0
614,2024-01-13 19:00:00,5.0
615,2024-01-13 19:30:00,5.0
616,2024-01-13 20:00:00,5.0
617,2024-01-13 20:30:00,5.0
618,2024-01-13 21:00:00,5.0
619,2024-01-13 21:30:00,5.0
620,2024-01-13 22:00:00,5.0
621,2024-01-13 22:30:00,5.0
622,2024-01-13 23:00:00,5.0
623,2024-01-13 23:30:00,5.0
624,2024-01-14 00:00:00,1.5
625,2024-01-14 00:30:00,1.5
626,2024-01-14 01:00:00,1.5
627,2024-01-14 01:30:00,1.5
628,2024-01-14 02:00:00,1.5
629,2024-01-14 02:30:00,1.5
630,2024-01-14 03:00:00,1.5
631,2024-01-14 03:30:00,1.5
632,2024-01-14 04:00:00,1.5
633,2024-01-14 04:30:00,1.5
634,2024-01-14 05:00:00,1.5
635,2024-01-14 05:30:00,1.5
636,2024-01-14 06:00:00,1.5
637,2024-01-14 06:30:00,1.5
638,2024-01-14 07:00:00,1.5
639,2024-01-14 07:30:00,1.5
640,2024-01-14 08:00:00,1.5
641,2024-01-14 08:30:00,1.5
642,2024-01-14 09:00:00,1.5
643,2024-01-14 09:30:00,1.5
644,2024-01-14 10:00:00,1.5
645,2024-01-14 10:30:00,1.5
646,2024-01-14 11:00:00,1.5
647,2024-01-14 11:30:00,1.5
648,2024-01-14 12:00:00,1.5
649,2024-01-14 12:30:00,1.5
650,2024-01-14 13:00:00,1.5
651,2024-01-14 13:30:00,1.5
652,2024-01-14 14:00:00,1.5
653,2024-01-14 14:30:00,1.5
654,2024-01-14 15:00:00,1.5
655,2024-01-14 15:30:00,1.5
656,2024-01-14 16:00:00,1.5
657,2024-01-14 16:30:00,1.5
658,2024-01-14 17:00:00,1.5
659,2024-01-14 17:30:00,1.5
660,2024-01-14 18:00:00,1.5
661,2024-01-14 18:30:00,1.5
662,2024-01-14 19:00:00,1.5
663,2024-01-14 19:30:00,1.5
664,2024-01-14 20:00:00,1.5
665,2024-01-14 20:30:00,1.5
666,2024-01-14 21:00:00,1.5
667,2024-01-14 21:30:00,1.5
668,2024-01-14 22:00:00,1.5
669,2024-01-14 22:30:00,1.5
670,2024-01-14 23:00:00,1.5
671,2024-01-14 23:30:00,1.5
672,2024-01-15 00:00:00,-0.5
673,2024-01-15 00:30:00,-0.5
674,2024-01-15 01:00:00,-0.5
675,2024-01-15 01:30:00,-0.5
676,2024-01-15 02:00:00,-0.5
677,2024-01-15 02:30:00,-0.5
678,2024-01-15 03:00:00,-0.5
679,2024-01-15 03:30:00,-0.5
680,2024-01-15 04:00:00,-0.5
681,2024-01-15 04:30:00,-0.5
682,2024-01-15 05:00:00,-0.5
683,2024-01-15 05:30:00,-0.5
684,2024-01-15 06:00:00,-0.5
685,2024-01-15 06:30:00,-0.5
686,2024-01-15 07:00:00,-0.5
687,2024-01-15 07:30:00,-0.5
688,2024-01-15 08:00:00,-0.5
689,2024-01-15 08:30:00,-0.5
690,2024-01-15 09:00:00,-0.5
691,2024-01-15 09:30:00,-0.5
692,2024-01-15 10:00:00,-0.5
693,2024-01-15 10:30:00,-0.5
694,2024-01-15 11:00:00,-0.5
695,2024-01-15 11:30:00,-0.5
696,2024-01-15 12:00:00,-0.5
697,2024-01-15 12:30:00,-0.5
698,2024-01-15 13:00:00,-0.5
699,2024-01-15 13:30:00,-0.5
700,2024-01-15 14:00:00,-0.5
701,2024-01-15 14:30:00,-0.5
702,2024-01-15 15:00:00,-0.5
703,2024-01-15 15:30:00,-0.5
704,2024-01-15 16:00:00,-0.5
705,2024-01-15 16:30:00,-0.5
706,2024-01-15 17:00:00,-0.5
707,2024-01-15 17:30:00,-0.5
708,2024-01-15 18:00:00,-0.5
709,2024-01-15 18:30:00,-0.5
710,2024-01-15 19:00:00,-0.5
711,2024-01-15 19:30:00,-0.5
712,2024-01-15 20:00:00,-0.5
713,2024-01-15 20:30:00,-0.5
714,2024-01-15 21:00:00,-0.5
715,2024-01-15 21:30:00,-0.5
716,2024-01-15 22:00:00,-0.5
717,2024-01-15 22:30:00,-0.5
718,2024-01-15 23:00:00,-0.5
719,2024-01-15 23:30:00,-0.5
720,2024-01-16 00:00:00,1.5
721,2024-01-16 00:30:00,1.5
722,2024-01-16 01:00:00,1.5
723,2024-01-16 01:30:00,1.5
724,2024-01-16 02:00:00,1.5
725,2024-01-16 02:30:00,1.5
726,2024-01-16 03:00:00,1.5
727,2024-01-16 03:30:00,1.5
728,2024-01-16 04:00:00,1.5
729,2024-01-16 04:30:00,1.5
730,2024-01-16 05:00:00,1.5
731,2024-01-16 05:30:00,1.5
732,2024-01-16 06:00:00,1.5
733,2024-01-16 06:30:00,1.5
734,2024-01-16 07:00:00,1.5
735,2024-01-16 07:30:00,1.5
736,2024-01-16 08:00:00,1.5
737,2024-01-16 08:30:00,1.5
738,2024-01-16 09:00:00,1.5
739,2024-01-16 09:30:00,1.5
740,2024-01-16 10:00:00,1.5
741,2024-01-16 10:30:00,1.5
742,2024-01-16 11:00:00,1.5
743,2024-01-16 11:30:00,1.5
744,2024-01-16 12:00:00,1.5
745,2024-01-16 12:30:00,1.5
746,2024-01-16 13:00:00,1.5
747,2024-01-16 13:30:00,1.5
748,2024-01-16 14:00:00,1.5
749,2024-01-16 14:30:00,1.5
750,2024-01-16 15:00:00,1.5
751,2024-01-16 15:30:00,1.5
752,2024-01-16 16:00:00,1.5
753,2024-01-16 16:30:00,1.5
754,2024-01-16 17:00:00,1.5
755,2024-01-16 17:30:00,1.5
756,2024-01-16 18:00:00,1.5
757,2024-01-16 18:30:00,1.5
758,2024-01-16 19:00:00,1.5
759,2024-01-16 19:30:00,1.5
760,2024-01-16 20:00:00,1.5
761,2024-01-16 20:30:00,1.5
762,2024-01-16 21:00:00,1.5
763,2024-01-16 21:30:00,1.5
764,2024-01-16 22:00:00,1.5
765,2024-01-16 22:30:00,1.5
766,2024-01-16 23:00:00,1.5
767,2024-01-16 23:30:00,1.5
768,2024-01-17 00:00:00,-1.5
769,2024-01-17 00:30:00,-1.5
770,2024-01-17 01:00:00,-1.5
771,2024-01-17 01:30:00,-1.5
772,2024-01-17 02:00:00,-1.5
773,2024-01-17 02:30:00,-1.5
774,2024-01-17 03:00:00,-1.5
775,2024-01-17 03:30:00,-1.5
776,2024-01-17 04:00:00,-1.5
777,2024-01-17 04:30:00,-1.5
778,2024-01-17 05:00:00,-1.5
779,2024-01-17 05:30:00,-1.5
780,2024-01-17 06:00:00,-1.5
781,2024-01-17 06:30:00,-1.5
782,2024-01-17 07:00:00,-1.5
783,2024-01-17 07:30:00,-1.5
784,2024-01-17 08:00:00,-1.5
785,2024-01-17 08:30:00,-1.5
786,2024-01-17 09:00:00,-1.5
787,2024-01-17 09:30:00,-1.5
788,2024-01-17 10:00:00,-1.5
789,2024-01-17 10:30:00,-1.5
790,2024-01-17 11:00:00,-1.5
791,2024-01-17 11:30:00,-1.5
792,2024-01-17 12:00:00,-1.5
793,2024-01-17 12:30:00,-1.5
794,2024-01-17 13:00:00,-1.5
795,2024-01-17 13:30:00,-1.5
796,2024-01-17 14:00:00,-1.5
797,2024-01-17 14:30:00,-1.5
798,2024-01-17 15:00:00,-1.5
799,2024-01-17 15:30:00,-1.5
800,2024-01-17 16:00:00,-1.5
801,2024-01-17 16:30:00,-1.5
802,2024-01-17 17:00:00,-1.5
803,2024-01-17 17:30:00,-1.5
804,2024-01-17 18:00:00,-1.5
805,2024-01-17 18:30:00,-1.5
806,2024-01-17 19:00:00,-1.5
807,2024-01-17 19:30:00,-1.5
808,2024-01-17 20:00:00,-1.5
809,2024-01-17 20:30:00,-1.5
810,2024-01-17 21:00:00,-1.5
811,2024-01-17 21:30:00,-1.5
812,2024-01-17 22:00:00,-1.5
813,2024-01-17 22:30:00,-1.5
814,2024-01-17 23:00:00,-1.5
815,2024-01-17 23:30:00,-1.5
816,2024-01-18 00:00:00,-2.0
817,2024-01-18 00:30:00,-2.0
818,2024-01-18 01:00:00,-2.0
819,2024-01-18 01:30:00,-2.0
820,2024-01-18 02:00:00,-2.0
821,2024-01-18 02:30:00,-2.0
822,2024-01-18 03:00:00,-2.0
823,2024-01-18 03:30:00,-2.0
824,2024-01-18 04:00:00,-2.0
825,2024-01-18 04:30:00,-2.0
826,2024-01-18 05:00:00,-2.0
827,2024-01-18 05:30:00,-2.0
828,2024-01-18 06:00:00,-2.0
829,2024-01-18 06:30:00,-2.0
830,2024-01-18 07:00:00,-2.0
831,2024-01-18 07:30:00,-2.0
832,2024-01-18 08:00:00,-2.0
833,2024-01-18 08:30:00,-2.0
834,2024-01-18 09:00:00,-2.0
835,2024-01-18 09:30:00,-2.0
836,2024-01-18 10:00:00,-2.0
837,2024-01-18 10:30:00,-2.0
838,2024-01-18 11:00:00,-2.0
839,2024-01-18 11:30:00,-2.0
840,2024-01-18 12:00:00,-2.0
841,2024-01-18 12:30:00,-2.0
842,2024-01-18 13:00:00,-2.0
843,2024-01-18 13:30:00,-2.0
844,2024-01-18 14:00:00,-2.0
845,2024-01-18 14:30:00,-2.0
846,2024-01-18 15:00:00,-2.0
847,2024-01-18 15:30:00,-2.0
848,2024-01-18 16:00:00,-2.0
849,2024-01-18 16:30:00,-2.0
850,2024-01-18 17:00:00,-2.0
851,2024-01-18 17:30:00,-2.0
852,2024-01-18 18:00:00,-2.0
853,2024-01-18 18:30:00,-2.0
854,2024-01-18 19:00:00,-2.0
855,2024-01-18 19:30:00,-2.0
856,2024-01-18 20:00:00,-2.0
857,2024-01-18 20:30:00,-2.0
858,2024-01-18 21:00:00,-2.0
859,2024-01-18 21:30:00,-2.0
860,2024-01-18 22:00:00,-2.0
861,2024-01-18 22:30:00,-2.0
862,2024-01-18 23:00:00,-2.0
863,2024-01-18 23:30:00,-2.0
864,2024-01-19 00:00:00,1.5
865,2024-01-19 00:30:00,1.5
866,2024-01-19 01:00:00,1.5
867,2024-01-19 01:30:00,1.5
868,2024-01-19 02:00:00,1.5
869,2024-01-19 02:30:00,1.5
870,2024-01-19 03:00:00,1.5
871,2024-01-19 03:30:00,1.5
872,2024-01-19 04:00:00,1.5
873,2024-01-19 04:30:00,1.5
874,2024-01-19 05:00:00,1.5
875,2024-01-19 05:30:00,1.5
876,2024-01-19 06:00:00,1.5
877,2024-01-19 06:30:00,1.5
878,2024-01-19 07:00:00,1.5
879,2024-01-19 07:30:00,1.5
880,2024-01-19 08:00:00,1.5
881,2024-01-19 08:30:00,1.5
882,2024-01-19 09:00:00,1.5
883,2024-01-19 09:30:00,1.5
884,2024-01-19 10:00:00,1.5
885,2024-01-19 10:30:00,1.5
886,2024-01-19 11:00:00,1.5
887,2024-01-19 11:30:00,1.5
888,2024-01-19 12:00:00,1.5
889,2024-01-19 12:30:00,1.5
890,2024-01-19 13:00:00,1.5
891,2024-01-19 13:30:00,1.5
892,2024-01-19 14:00:00,1.5
893,2024-01-19 14:30:00,1.5
894,2024-01-19 15:00:00,1.5
895,2024-01-19 15:30:00,1.5
896,2024-01-19 16:00:00,1.5
897,2024-01-19 16:30:00,1.5
898,2024-01-19 17:00:00,1.5
899,2024-01-19 17:30:00,1.5
900,2024-01-19 18:00:00,1.5
901,2024-01-19 18:30:00,1.5
902,2024-01-19 19:00:00,1.5
903,2024-01-19 19:30:00,1.5
904,2024-01-19 20:00:00,1.5
905,2024-01-19 20:30:00,1.5
906,2024-01-19 21:00:00,1.5
907,2024-01-19 21:30:00,1.5
908,2024-01-19 22:00:00,1.5
909,2024-01-19 22:30:00,1.5
910,2024-01-19 23:00:00,1.5
911,2024-01-19 23:30:00,1.5
912,2024-01-20 00:00:00,4.0
913,2024-01-20 00:30:00,4.0
914,2024-01-20 01:00:00,4.0
915,2024-01-20 01:30:00,4.0
916,2024-01-20 02:00:00,4.0
917,2024-01-20 02:30:00,4.0
918,2024-01-20 03:00:00,4.0
919,2024-01-20 03:30:00,4.0
920,2024-01-20 04:00:00,4.0
921,2024-01-20 04:30:00,4.0
922,2024-01-20 05:00:00,4.0
923,2024-01-20 05:30:00,4.0
924,2024-01-20 06:00:00,4.0
925,2024-01-20 06:30:00,4.0
926,2024-01-20 07:00:00,4.0
927,2024-01-20 07:30:00,4.0
928,2024-01-20 08:00:00,4.0
929,2024-01-20 08:30:00,4.0
930,2024-01-20 09:00:00,4.0
931,2024-01-20 09:30:00,4.0
932,2024-01-20 10:00:00,4.0
933,2024-01-20 10:30:00,4.0
934,2024-01-20 11:00:00,4.0
935,2024-01-20 11:30:00,4.0
936,2024-01-20 12:00:00,4.0
937,2024-01-20 12:30:00,4.0
938,2024-01-20 13:00:00,4.0
939,2024-01-20 13:30:00,4.0
940,2024-01-20 14:00:00,4.0
941,2024-01-20 14:30:00,4.0
942,2024-01-20 15:00:00,4.0
943,2024-01-20 15:30:00,4.0
944,2024-01-20 16:00:00,4.0
945,2024-01-20 16:30:00,4.0
946,2024-01-20 17:00:00,4.0
947,2024-01-20 17:30:00,4.0
948,2024-01-20 18:00:00,4.0
949,2024-01-20 18:30:00,4.0
950,2024-01-20 19:00:00,4.0
951,2024-01-20 19:30:00,4.0
952,2024-01-20 20:00:00,4.0
953,2024-01-20 20:30:00,4.0
954,2024-01-20 21:00:00,4.0
955,2024-01-20 21:30:00,4.0
956,2024-01-20 22:00:00,4.0
957,2024-01-20 22:30:00,4.0
958,2024-01-20 23:00:00,4.0
959,2024-01-20 23:30:00,4.0
960,2024-01-21 00:00:00,8.0
961,2024-01-21 00:30:00,8.0
962,2024-01-21 01:00:00,8.0
963,2024-01-21 01:30:00,8.0
964,2024-01-21 02:00:00,8.0
965,2024-01-21 02:30:00,8.0
966,2024-01-21 03:00:00,8.0
967,2024-01-21 03:30:00,8.0
968,2024-01-21 04:00:00,8.0
969,2024-01-21 04:30:00,8.0
970,2024-01-21 05:00:00,8.0
971,2024-01-21 05:30:00,8.0
972,2024-01-21 06:00:00,8.0
973,2024-01-21 06:30:00,8.0
974,2024-01-21 07:00:00,8.0
975,2024-01-21 07:30:00,8.0
976,2024-01-21 08:00:00,8.0
977,2024-01-21 08:30:00,8.0
978,2024-01-21 09:00:00,8.0
979,2024-01-21 09:30:00,8.0
980,2024-01-21 10:00:00,8.0
981,2024-01-21 10:30:00,8.0
982,2024-01-21 11:00:00,8.0
983,2024-01-21 11:30:00,8.0
984,2024-01-21 12:00:00,8.0
985,2024-01-21 12:30:00,8.0
986,2024-01-21 13:00:00,8.0
987,2024-01-21 13:30:00,8.0
988,2024-01-21 14:00:00,8.0
989,2024-01-21 14:30:00,8.0
990,2024-01-21 15:00:00,8.0
991,2024-01-21 15:30:00,8.0
992,2024-01-21 16:00:00,8.0
993,2024-01-21 16:30:00,8.0
994,2024-01-21 17:00:00,8.0
995,2024-01-21 17:30:00,8.0
996,2024-01-21 18:00:00,8.0
997,2024-01-21 18:30:00,8.0
998,2024-01-21 19:00:00,8.0
999,2024-01-21 19:30:00,8.0
1000,2024-01-21 20:00:00,8.0
1001,2024-01-21 20:30:00,8.0
1002,2024-01-21 21:00:00,8.0
1003,2024-01-21 21:30:00,8.0
1004,2024-01-21 22:00:00,8.0
1005,2024-01-21 22:30:00,8.0
1006,2024-01-21 23:00:00,8.0
1007,2024-01-21 23:30:00,8.0
1008,2024-01-22 00:00:00,9.0
1009,2024-01-22 00:30:00,9.0
1010,2024-01-22 01:00:00,9.0
1011,2024-01-22 01:30:00,9.0
1012,2024-01-22 02:00:00,9.0
1013,2024-01-22 02:30:00,9.0
1014,2024-01-22 03:00:00,9.0
1015,2024-01-22 03:30:00,9.0
1016,2024-01-22 04:00:00,9.0
1017,2024-01-22 04:30:00,9.0
1018,2024-01-22 05:00:00,9.0
1019,2024-01-22 05:30:00,9.0
1020,2024-01-22 06:00:00,9.0
1021,2024-01-22 06:30:00,9.0
1022,2024-01-22 07:00:00,9.0
1023,2024-01-22 07:30:00,9.0
1024,2024-01-22 08:00:00,9.0
1025,2024-01-22 08:30:00,9.0
1026,2024-01-22 09:00:00,9.0
1027,2024-01-22 09:30:00,9.0
1028,2024-01-22 10:00:00,9.0
1029,2024-01-22 10:30:00,9.0
1030,2024-01-22 11:00:00,9.0
1031,2024-01-22 11:30:00,9.0
1032,2024-01-22 12:00:00,9.0
1033,2024-01-22 12:30:00,9.0
1034,2024-01-22 13:00:00,9.0
1035,2024-01-22 13:30:00,9.0
1036,2024-01-22 14:00:00,9.0
1037,2024-01-22 14:30:00,9.0
1038,2024-01-22 15:00:00,9.0
1039,2024-01-22 15:30:00,9.0
1040,2024-01-22 16:00:00,9.0
1041,2024-01-22 16:30:00,9.0
1042,2024-01-22 17:00:00,9.0
1043,2024-01-22 17:30:00,9.0
1044,2024-01-22 18:00:00,9.0
1045,2024-01-22 18:30:00,9.0
1046,2024-01-22 19:00:00,9.0
1047,2024-01-22 19:30:00,9.0
1048,2024-01-22 20:00:00,9.0
1049,2024-01-22 20:30:00,9.0
1050,2024-01-22 21:00:00,9.0
1051,2024-01-22 21:30:00,9.0
1052,2024-01-22 22:00:00,9.0
1053,2024-01-22 22:30:00,9.0
1054,2024-01-22 23:00:00,9.0
1055,2024-01-22 23:30:00,9.0
1056,2024-01-23 00:00:00,10.0
1057,2024-01-23 00:30:00,10.0
1058,2024-01-23 01:00:00,10.0
1059,2024-01-23 01:30:00,10.0
1060,2024-01-23 02:00:00,10.0
1061,2024-01-23 02:30:00,10.0
1062,2024-01-23 03:00:00,10.0
1063,2024-01-23 03:30:00,10.0
1064,2024-01-23 04:00:00,10.0
1065,2024-01-23 04:30:00,10.0
1066,2024-01-23 05:00:00,10.0
1067,2024-01-23 05:30:00,10.0
1068,2024-01-23 06:00:00,10.0
1069,2024-01-23 06:30:00,10.0
1070,2024-01-23 07:00:00,10.0
1071,2024-01-23 07:30:00,10.0
1072,2024-01-23 08:00:00,10.0
1073,2024-01-23 08:30:00,10.0
1074,2024-01-23 09:00:00,10.0
1075,2024-01-23 09:30:00,10.0
1076,2024-01-23 10:00:00,10.0
1077,2024-01-23 10:30:00,10.0
1078,2024-01-23 11:00:00,10.0
1079,2024-01-23 11:30:00,10.0
1080,2024-01-23 12:00:00,10.0
1081,2024-01-23 12:30:00,10.0
1082,2024-01-23 13:00:00,10.0
1083,2024-01-23 13:30:00,10.0
1084,2024-01-23 14:00:00,10.0
1085,2024-01-23 14:30:00,10.0
1086,2024-01-23 15:00:00,10.0
1087,2024-01-23 15:30:00,10.0
1088,2024-01-23 16:00:00,10.0
1089,2024-01-23 16:30:00,10.0
1090,2024-01-23 17:00:00,10.0
1091,2024-01-23 17:30:00,10.0
1092,2024-01-23 18:00:00,10.0
1093,2024-01-23 18:30:00,10.0
1094,2024-01-23 19:00:00,10.0
1095,2024-01-23 19:30:00,10.0
1096,2024-01-23 20:00:00,10.0
1097,2024-01-23 20:30:00,10.0
1098,2024-01-23 21:00:00,10.0
1099,2024-01-23 21:30:00,10.0
1100,2024-01-23 22:00:00,10.0
1101,2024-01-23 22:30:00,10.0
1102,2024-01-23 23:00:00,10.0
1103,2024-01-23 23:30:00,10.0
1104,2024-01-24 00:00:00,8.0
1105,2024-01-24 00:30:00,8.0
1106,2024-01-24 01:00:00,8.0
1107,2024-01-24 01:30:00,8.0
1108,2024-01-24 02:00:00,8.0
1109,2024-01-24 02:30:00,8.0
1110,2024-01-24 03:00:00,8.0
1111,2024-01-24 03:30:00,8.0
1112,2024-01-24 04:00:00,8.0
1113,2024-01-24 04:30:00,8.0
1114,2024-01-24 05:00:00,8.0
1115,2024-01-24 05:30:00,8.0
1116,2024-01-24 06:00:00,8.0
1117,2024-01-24 06:30:00,8.0
1118,2024-01-24 07:00:00,8.0
1119,2024-01-24 07:30:00,8.0
1120,2024-01-24 08:00:00,8.0
1121,2024-01-24 08:30:00,8.0
1122,2024-01-24 09:00:00,8.0
1123,2024-01-24 09:30:00,8.0
1124,2024-01-24 10:00:00,8.0
1125,2024-01-24 10:30:00,8.0
1126,2024-01-24 11:00:00,8.0
1127,2024-01-24 11:30:00,8.0
1128,2024-01-24 12:00:00,8.0
1129,2024-01-24 12:30:00,8.0
1130,2024-01-24 13:00:00,8.0
1131,2024-01-24 13:30:00,8.0
1132,2024-01-24 14:00:00,8.0
1133,2024-01-24 14:30:00,8.0
1134,2024-01-24 15:00:00,8.0
1135,2024-01-24 15:30:00,8.0
1136,2024-01-24 16:00:00,8.0
1137,2024-01-24 16:30:00,8.0
1138,2024-01-24 17:00:00,8.0
1139,2024-01-24 17:30:00,8.0
1140,2024-01-24 18:00:00,8.0
1141,2024-01-24 18:30:00,8.0
1142,2024-01-24 19:00:00,8.0
1143,2024-01-24 19:30:00,8.0
1144,2024-01-24 20:00:00,8.0
1145,2024-01-24 20:30:00,8.0
1146,2024-01-24 21:00:00,8.0
1147,2024-01-24 21:30:00,8.0
1148,2024-01-24 22:00:00,8.0
1149,2024-01-24 22:30:00,8.0
1150,2024-01-24 23:00:00,8.0
1151,2024-01-24 23:30:00,8.0
1152,2024-01-25 00:00:00,8.5
1153,2024-01-25 00:30:00,8.5
1154,2024-01-25 01:00:00,8.5
1155,2024-01-25 01:30:00,8.5
1156,2024-01-25 02:00:00,8.5
1157,2024-01-25 02:30:00,8.5
1158,2024-01-25 03:00:00,8.5
1159,2024-01-25 03:30:00,8.5
1160,2024-01-25 04:00:00,8.5
1161,2024-01-25 04:30:00,8.5
1162,2024-01-25 05:00:00,8.5
1163,2024-01-25 05:30:00,8.5
1164,2024-01-25 06:00:00,8.5
1165,2024-01-25 06:30:00,8.5
1166,2024-01-25 07:00:00,8.5
1167,2024-01-25 07:30:00,8.5
1168,2024-01-25 08:00:00,8.5
1169,2024-01-25 08:30:00,8.5
1170,2024-01-25 09:00:00,8.5
1171,2024-01-25 09:30:00,8.5
1172,2024-01-25 10:00:00,8.5
1173,2024-01-25 10:30:00,8.5
1174,2024-01-25 11:00:00,8.5
1175,2024-01-25 11:30:00,8.5
1176,2024-01-25 12:00:00,8.5
1177,2024-01-25 12:30:00,8.5
1178,2024-01-25 13:00:00,8.5
1179,2024-01-25 13:30:00,8.5
1180,2024-01-25 14:00:00,8.5
1181,2024-01-25 14:30:00,8.5
1182,2024-01-25 15:00:00,8.5
1183,2024-01-25 15:30:00,8.5
1184,2024-01-25 16:00:00,8.5
1185,2024-01-25 16:30:00,8.5
1186,2024-01-25 17:00:00,8.5
1187,2024-01-25 17:30:00,8.5
1188,2024-01-25 18:00:00,8.5
1189,2024-01-25 18:30:00,8.5
1190,2024-01-25 19:00:00,8.5
1191,2024-01-25 19:30:00,8.5
1192,2024-01-25 20:00:00,8.5
1193,2024-01-25 20:30:00,8.5
1194,2024-01-25 21:00:00,8.5
1195,2024-01-25 21:30:00,8.5
1196,2024-01-25 22:00:00,8.5
1197,2024-01-25 22:30:00,8.5
1198,2024-01-25 23:00:00,8.5
1199,2024-01-25 23:30:00,8.5
1200,2024-01-26 00:00:00,9.0
1201,2024-01-26 00:30:00,9.0
1202,2024-01-26 01:00:00,9.0
1203,2024-01-26 01:30:00,9.0
1204,2024-01-26 02:00:00,9.0
1205,2024-01-26 02:30:00,9.0
1206,2024-01-26 03:00:00,9.0
1207,2024-01-26 03:30:00,9.0
1208,2024-01-26 04:00:00,9.0
1209,2024-01-26 04:30:00,9.0
1210,2024-01-26 05:00:00,9.0
1211,2024-01-26 05:30:00,9.0
1212,2024-01-26 06:00:00,9.0
1213,2024-01-26 06:30:00,9.0
1214,2024-01-26 07:00:00,9.0
1215,2024-01-26 07:30:00,9.0
1216,2024-01-26 08:00:00,9.0
1217,2024-01-26 08:30:00,9.0
1218,2024-01-26 09:00:00,9.0
1219,2024-01-26 09:30:00,9.0
1220,2024-01-26 10:00:00,9.0
1221,2024-01-26 10:30:00,9.0
1222,2024-01-26 11:00:00,9.0
1223,2024-01-26 11:30:00,9.0
1224,2024-01-26 12:00:00,9.0
1225,2024-01-26 12:30:00,9.0
1226,2024-01-26 13:00:00,9.0
1227,2024-01-26 13:30:00,9.0
1228,2024-01-26 14:00:00,9.0
1229,2024-01-26 14:30:00,9.0
1230,2024-01-26 15:00:00,9.0
1231,2024-01-26 15:30:00,9.0
1232,2024-01-26 16:00:00,9.0
1233,2024-01-26 16:30:00,9.0
1234,2024-01-26 17:00:00,9.0
1235,2024-01-26 17:30:00,9.0
1236,2024-01-26 18:00:00,9.0
1237,2024-01-26 18:30:00,9.0
1238,2024-01-26 19:00:00,9.0
1239,2024-01-26 19:30:00,9.0
1240,2024-01-26 20:00:00,9.0
1241,2024-01-26 20:30:00,9.0
1242,2024-01-26 21:00:00,9.0
1243,2024-01-26 21:30:00,9.0
1244,2024-01-26 22:00:00,9.0
1245,2024-01-26 22:30:00,9.0
1246,2024-01-26 23:00:00,9.0
1247,2024-01-26 23:30:00,9.0
1248,2024-01-27 00:00:00,6.5
1249,2024-01-27 00:30:00,6.5
1250,2024-01-27 01:00:00,6.5
1251,2024-01-27 01:30:00,6.5
1252,2024-01-27 02:00:00,6.5
1253,2024-01-27 02:30:00,6.5
1254,2024-01-27 03:00:00,6.5
1255,2024-01-27 03:30:00,6.5
1256,2024-01-27 04:00:00,6.5
1257,2024-01-27 04:30:00,6.5
1258,2024-01-27 05:00:00,6.5
1259,2024-01-27 05:30:00,6.5
1260,2024-01-27 06:00:00,6.5
1261,2024-01-27 06:30:00,6.5
1262,2024-01-27 07:00:00,6.5
1263,2024-01-27 07:30:00,6.5
1264,2024-01-27 08:00:00,6.5
1265,2024-01-27 08:30:00,6.5
1266,2024-01-27 09:00:00,6.5
1267,2024-01-27 09:30:00,6.5
1268,2024-01-27 10:00:00,6.5
1269,2024-01-27 10:30:00,6.5
1270,2024-01-27 11:00:00,6.5
1271,2024-01-27 11:30:00,6.5
1272,2024-01-27 12:00:00,6.5
1273,2024-01-27 12:30:00,6.5
1274,2024-01-27 13:00:00,6.5
1275,2024-01-27 13:30:00,6.5
1276,2024-01-27 14:00:00,6.5
1277,2024-01-27 14:30:00,6.5
1278,2024-01-27 15:00:00,6.5
1279,2024-01-27 15:30:00,6.5
1280,2024-01-27 16:00:00,6.5
1281,2024-01-27 16:30:00,6.5
1282,2024-01-27 17:00:00,6.5
1283,2024-01-27 17:30:00,6.5
1284,2024-01-27 18:00:00,6.5
1285,2024-01-27 18:30:00,6.5
1286,2024-01-27 19:00:00,6.5
1287,2024-01-27 19:30:00,6.5
1288,2024-01-27 20:00:00,6.5
1289,2024-01-27 20:30:00,6.5
1290,2024-01-27 21:00:00,6.5
1291,2024-01-27 21:30:00,6.5
1292,2024-01-27 22:00:00,6.5
1293,2024-01-27 22:30:00,6.5
1294,2024-01-27 23:00:00,6.5
1295,2024-01-27 23:30:00,6.5
1296,2024-01-28 00:00:00,7.5
1297,2024-01-28 00:30:00,7.5
1298,2024-01-28 01:00:00,7.5
1299,2024-01-28 01:30:00,7.5
1300,2024-01-28 02:00:00,7.5
1301,2024-01-28 02:30:00,7.5
1302,2024-01-28 03:00:00,7.5
1303,2024-01-28 03:30:00,7.5
1304,2024-01-28 04:00:00,7.5
1305,2024-01-28 04:30:00,7.5
1306,2024-01-28 05:00:00,7.5
1307,2024-01-28 05:30:00,7.5
1308,2024-01-28 06:00:00,7.5
1309,2024-01-28 06:30:00,7.5
1310,2024-01-28 07:00:00,7.5
1311,2024-01-28 07:30:00,7.5
1312,2024-01-28 08:00:00,7.5
1313,2024-01-28 08:30:00,7.5
1314,2024-01-28 09:00:00,7.5
1315,2024-01-28 09:30:00,7.5
1316,2024-01-28 10:00:00,7.5
1317,2024-01-28 10:30:00,7.5
1318,2024-01-28 11:00:00,7.5
1319,2024-01-28 11:30:00,7.5
1320,2024-01-28 12:00:00,7.5
1321,2024-01-28 12:30:00,7.5
1322,2024-01-28 13:00:00,7.5
1323,2024-01-28 13:30:00,7.5
1324,2024-01-28 14:00:00,7.5
1325,2024-01-28 14:30:00,7.5
1326,2024-01-28 15:00:00,7.5
1327,2024-01-28 15:30:00,7.5
1328,2024-01-28 16:00:00,7.5
1329,2024-01-28 16:30:00,7.5
1330,2024-01-28 17:00:00,7.5
1331,2024-01-28 17:30:00,7.5
1332,2024-01-28 18:00:00,7.5
1333,2024-01-28 18:30:00,7.5
1334,2024-01-28 19:00:00,7.5
1335,2024-01-28 19:30:00,7.5
1336,2024-01-28 20:00:00,7.5
1337,2024-01-28 20:30:00,7.5
1338,2024-01-28 21:00:00,7.5
1339,2024-01-28 21:30:00,7.5
1340,2024-01-28 22:00:00,7.5
1341,2024-01-28 22:30:00,7.5
1342,2024-01-28 23:00:00,7.5
1343,2024-01-28 23:30:00,7.5
1344,2024-01-29 00:00:00,11.0
1345,2024-01-29 00:30:00,11.0
1346,2024-01-29 01:00:00,11.0
1347,2024-01-29 01:30:00,11.0
1348,2024-01-29 02:00:00,11.0
1349,2024-01-29 02:30:00,11.0
1350,2024-01-29 03:00:00,11.0
1351,2024-01-29 03:30:00,11.0
1352,2024-01-29 04:00:00,11.0
1353,2024-01-29 04:30:00,11.0
1354,2024-01-29 05:00:00,11.0
1355,2024-01-29 05:30:00,11.0
1356,2024-01-29 06:00:00,11.0
1357,2024-01-29 06:30:00,11.0
1358,2024-01-29 07:00:00,11.0
1359,2024-01-29 07:30:00,11.0
1360,2024-01-29 08:00:00,11.0
1361,2024-01-29 08:30:00,11.0
1362,2024-01-29 09:00:00,11.0
1363,2024-01-29 09:30:00,11.0
1364,2024-01-29 10:00:00,11.0
1365,2024-01-29 10:30:00,11.0
1366,2024-01-29 11:00:00,11.0
1367,2024-01-29 11:30:00,11.0
1368,2024-01-29 12:00:00,11.0
1369,2024-01-29 12:30:00,11.0
1370,2024-01-29 13:00:00,11.0
1371,2024-01-29 13:30:00,11.0
1372,2024-01-29 14:00:00,11.0
1373,2024-01-29 14:30:00,11.0
1374,2024-01-29 15:00:00,11.0
1375,2024-01-29 15:30:00,11.0
1376,2024-01-29 16:00:00,11.0
1377,2024-01-29 16:30:00,11.0
1378,2024-01-29 17:00:00,11.0
1379,2024-01-29 17:30:00,11.0
1380,2024-01-29 18:00:00,11.0
1381,2024-01-29 18:30:00,11.0
1382,2024-01-29 19:00:00,11.0
1383,2024-01-29 19:30:00,11.0
1384,2024-01-29 20:00:00,11.0
1385,2024-01-29 20:30:00,11.0
1386,2024-01-29 21:00:00,11.0
1387,2024-01-29 21:30:00,11.0
1388,2024-01-29 22:00:00,11.0
1389,2024-01-29 22:30:00,11.0
1390,2024-01-29 23:00:00,11.0
1391,2024-01-29 23:30:00,11.0
1392,2024-01-30 00:00:00,6.5
1393,2024-01-30 00:30:00,6.5
1394,2024-01-30 01:00:00,6.5
1395,2024-01-30 01:30:00,6.5
1396,2024-01-30 02:00:00,6.5
1397,2024-01-30 02:30:00,6.5
1398,2024-01-30 03:00:00,6.5
1399,2024-01-30 03:30:00,6.5
1400,2024-01-30 04:00:00,6.5
1401,2024-01-30 04:30:00,6.5
1402,2024-01-30 05:00:00,6.5
1403,2024-01-30 05:30:00,6.5
1404,2024-01-30 06:00:00,6.5
1405,2024-01-30 06:30:00,6.5
1406,2024-01-30 07:00:00,6.5
1407,2024-01-30 07:30:00,6.5
1408,2024-01-30 08:00:00,6.5
1409,2024-01-30 08:30:00,6.5
1410,2024-01-30 09:00:00,6.5
1411,2024-01-30 09:30:00,6.5
1412,2024-01-30 10:00:00,6.5
1413,2024-01-30 10:30:00,6.5
1414,2024-01-30 11:00:00,6.5
1415,2024-01-30 11:30:00,6.5
1416,2024-01-30 12:00:00,6.5
1417,2024-01-30 12:30:00,6.5
1418,2024-01-30 13:00:00,6.5
1419,2024-01-30 13:30:00,6.5
1420,2024-01-30 14:00:00,6.5
1421,2024-01-30 14:30:00,6.5
1422,2024-01-30 15:00:00,6.5
1423,2024-01-30 15:30:00,6.5
1424,2024-01-30 16:00:00,6.5
1425,2024-01-30 16:30:00,6.5
1426,2024-01-30 17:00:00,6.5
1427,2024-01-30 17:30:00,6.5
1428,2024-01-30 18:00:00,6.5
1429,2024-01-30 18:30:00,6.5
1430,2024-01-30 19:00:00,6.5
1431,2024-01-30 19:30:00,6.5
1432,2024-01-30 20:00:00,6.5
1433,2024-01-30 20:30:00,6.5
1434,2024-01-30 21:00:00,6.5
1435,2024-01-30 21:30:00,6.5
1436,2024-01-30 22:00:00,6.5
1437,2024-01-30 22:30:00,6.5
1438,2024-01-30 23:00:00,6.5
1439,2024-01-30 23:30:00,6.5
1440,2024-01-31 00:00:00,6.5
1441,2024-01-31 00:30:00,6.5
1442,2024-01-31 01:00:00,6.5
1443,2024-01-31 01:30:00,6.5
1444,2024-01-31 02:00:00,6.5
1445,2024-01-31 02:30:00,6.5
1446,2024-01-31 03:00:00,6.5
1447,2024-01-31 03:30:00,6.5
1448,2024-01-31 04:00:00,6.5
1449,2024-01-31 04:30:00,6.5
1450,2024-01-31 05:00:00,6.5
1451,2024-01-31 05:30:00,6.5
1452,2024-01-31 06:00:00,6.5
1453,2024-01-31 06:30:00,6.5
1454,2024-01-31 07:00:00,6.5
1455,2024-01-31 07:30:00,6.5
1456,2024-01-31 08:00:00,6.5
1457,2024-01-31 08:30:00,6.5
1458,2024-01-31 09:00:00,6.5
1459,2024-01-31 09:30:00,6.5
1460,2024-01-31 10:00:00,6.5
1461,2024-01-31 10:30:00,6.5
1462,2024-01-31 11:00:00,6.5
1463,2024-01-31 11:30:00,6.5
1464,2024-01-31 12:00:00,6.5
1465,2024-01-31 12:30:00,6.5
1466,2024-01-31 13:00:00,6.5
1467,2024-01-31 13:30:00,6.5
1468,2024-01-31 14:00:00,6.5
1469,2024-01-31 14:30:00,6.5
1470,2024-01-31 15:00:00,6.5
1471,2024-01-31 15:30:00,6.5
1472,2024-01-31 16:00:00,6.5
1473,2024-01-31 16:30:00,6.5
1474,2024-01-31 17:00:00,6.5
1475,2024-01-31 17:30:00,6.5
1476,2024-01-31 18:00:00,6.5
1477,2024-01-31 18:30:00,6.5
1478,2024-01-31 19:00:00,6.5
1479,2024-01-31 19:30:00,6.5
1480,2024-01-31 20:00:00,6.5
1481,2024-01-31 20:30:00,6.5
1482,2024-01-31 21:00:00,6.5
1483,2024-01-31 21:30:00,6.5
1484,2024-01-31 22:00:00,6.5
1485,2024-01-31 22:30:00,6.5
1486,2024-01-31 23:00:00,6.5
1487,2024-01-31 23:30:00,6.5
