time,unitrate
2024-01-31T23:30:00Z,9.681
2024-01-31T23:00:00Z,9.9225
2024-01-31T22:30:00Z,7.938
2024-01-31T22:00:00Z,13.4085
2024-01-31T21:30:00Z,12.684
2024-01-31T21:00:00Z,13.9755
2024-01-31T20:30:00Z,13.776
2024-01-31T20:00:00Z,13.9755
2024-01-31T19:30:00Z,15.057
2024-01-31T19:00:00Z,14.7735
2024-01-31T18:30:00Z,28.6965
2024-01-31T18:00:00Z,29.799
2024-01-31T17:30:00Z,30.24
2024-01-31T17:00:00Z,29.463
2024-01-31T16:30:00Z,30.681
2024-01-31T16:00:00Z,27.951
2024-01-31T15:30:00Z,14.091
2024-01-31T15:00:00Z,12.894
2024-01-31T14:30:00Z,13.23
2024-01-31T14:00:00Z,13.9755
2024-01-31T13:30:00Z,12.474
2024-01-31T13:00:00Z,13.188
2024-01-31T12:30:00Z,13.335
2024-01-31T12:00:00Z,13.9755
2024-01-31T11:30:00Z,14.112
2024-01-31T11:00:00Z,12.348
2024-01-31T10:30:00Z,13.9755
2024-01-31T10:00:00Z,14.469
2024-01-31T09:30:00Z,15.876
2024-01-31T09:00:00Z,16.086
2024-01-31T08:30:00Z,17.283
2024-01-31T08:00:00Z,17.199
2024-01-31T07:30:00Z,17.3565
2024-01-31T07:00:00Z,16.0125
2024-01-31T06:30:00Z,14.112
2024-01-31T06:00:00Z,13.23
2024-01-31T05:30:00Z,12.1275
2024-01-31T05:00:00Z,12.1275
2024-01-31T04:30:00Z,12.264
2024-01-31T04:00:00Z,12.831
2024-01-31T03:30:00Z,12.684
2024-01-31T03:00:00Z,12.9675
2024-01-31T02:30:00Z,12.789
2024-01-31T02:00:00Z,13.755
2024-01-31T01:30:00Z,13.4085
2024-01-31T01:00:00Z,15.7395
2024-01-31T00:30:00Z,14.8155
2024-01-31T00:00:00Z,13.8915
2024-01-30T23:30:00Z,14.616
2024-01-30T23:00:00Z,14.3325
2024-01-30T22:30:00Z,12.5055
2024-01-30T22:00:00Z,13.9125
2024-01-30T21:30:00Z,13.9125
2024-01-30T21:00:00Z,17.8605
2024-01-30T20:30:00Z,14.994
2024-01-30T20:00:00Z,17.64
2024-01-30T19:30:00Z,16.5795
2024-01-30T19:00:00Z,19.1205
2024-01-30T18:30:00Z,31.647
2024-01-30T18:00:00Z,32.361
2024-01-30T17:30:00Z,31.122
2024-01-30T17:00:00Z,30.3975
2024-01-30T16:30:00Z,31.437
2024-01-30T16:00:00Z,28.602
2024-01-30T15:30:00Z,16.5795
2024-01-30T15:00:00Z,14.553
2024-01-30T14:30:00Z,15.435
2024-01-30T14:00:00Z,14.931
2024-01-30T13:30:00Z,14.112
2024-01-30T13:00:00Z,14.3325
2024-01-30T12:30:00Z,12.9885
2024-01-30T12:00:00Z,13.23
2024-01-30T11:30:00Z,14.175
2024-01-30T11:00:00Z,14.049
2024-01-30T10:30:00Z,14.553
2024-01-30T10:00:00Z,14.574
2024-01-30T09:30:00Z,16.233
2024-01-30T09:00:00Z,16.233
2024-01-30T08:30:00Z,18.606
2024-01-30T08:00:00Z,15.435
2024-01-30T07:30:00Z,18.522
2024-01-30T07:00:00Z,15.435
2024-01-30T06:30:00Z,14.7735
2024-01-30T06:00:00Z,16.0965
2024-01-30T05:30:00Z,13.23
2024-01-30T05:00:00Z,14.2905
2024-01-30T04:30:00Z,12.9885
2024-01-30T04:00:00Z,13.0095
2024-01-30T03:30:00Z,11.6865
2024-01-30T03:00:00Z,11.6865
2024-01-30T02:30:00Z,11.7285
2024-01-30T02:00:00Z,12.705
2024-01-30T01:30:00Z,11.991
2024-01-30T01:00:00Z,13.23
2024-01-30T00:30:00Z,15.876
2024-01-30T00:00:00Z,13.167
2024-01-29T23:30:00Z,13.5345
2024-01-29T23:00:00Z,14.553
2024-01-29T22:30:00Z,13.4505
2024-01-29T22:00:00Z,17.346
2024-01-29T21:30:00Z,14.112
2024-01-29T21:00:00Z,14.2905
2024-01-29T20:30:00Z,11.6655
2024-01-29T20:00:00Z,15.435
2024-01-29T19:30:00Z,12.348
2024-01-29T19:00:00Z,17.199
2024-01-29T18:30:00Z,28.476
2024-01-29T18:00:00Z,31.3425
2024-01-29T17:30:00Z,31.122
2024-01-29T17:00:00Z,30.9015
2024-01-29T16:30:00Z,32.844
2024-01-29T16:00:00Z,28.938
2024-01-29T15:30:00Z,17.64
2024-01-29T15:00:00Z,14.553
2024-01-29T14:30:00Z,14.994
2024-01-29T14:00:00Z,16.4955
2024-01-29T13:30:00Z,12.957
2024-01-29T13:00:00Z,15.2565
2024-01-29T12:30:00Z,13.4715
2024-01-29T12:00:00Z,14.511
2024-01-29T11:30:00Z,15.2145
2024-01-29T11:00:00Z,14.175
2024-01-29T10:30:00Z,15.6135
2024-01-29T10:00:00Z,16.5375
2024-01-29T09:30:00Z,16.422
2024-01-29T09:00:00Z,16.275
2024-01-29T08:30:00Z,16.884
2024-01-29T08:00:00Z,13.9335
2024-01-29T07:30:00Z,17.64
2024-01-29T07:00:00Z,13.671
2024-01-29T06:30:00Z,15.876
2024-01-29T06:00:00Z,17.64
2024-01-29T05:30:00Z,13.671
2024-01-29T05:00:00Z,13.9335
2024-01-29T04:30:00Z,13.4715
2024-01-29T04:00:00Z,17.199
2024-01-29T03:30:00Z,16.9785
2024-01-29T03:00:00Z,17.64
2024-01-29T02:30:00Z,15.519
2024-01-29T02:00:00Z,15.477
2024-01-29T01:30:00Z,13.755
2024-01-29T01:00:00Z,13.8915
2024-01-29T00:30:00Z,15.1935
2024-01-29T00:00:00Z,8.925
2024-01-28T23:30:00Z,12.1275
2024-01-28T23:00:00Z,12.348
2024-01-28T22:30:00Z,9.9225
2024-01-28T22:00:00Z,12.1275
2024-01-28T21:30:00Z,11.2245
2024-01-28T21:00:00Z,13.671
2024-01-28T20:30:00Z,12.1275
2024-01-28T20:00:00Z,14.3325
2024-01-28T19:30:00Z,12.852
2024-01-28T19:00:00Z,16.0335
2024-01-28T18:30:00Z,24.948
2024-01-28T18:00:00Z,27.594
2024-01-28T17:30:00Z,29.904
2024-01-28T17:00:00Z,30.9015
2024-01-28T16:30:00Z,29.001
2024-01-28T16:00:00Z,24.906
2024-01-28T15:30:00Z,13.776
2024-01-28T15:00:00Z,9.9225
2024-01-28T14:30:00Z,8.1375
2024-01-28T14:00:00Z,9.5025
2024-01-28T13:30:00Z,6.657
2024-01-28T13:00:00Z,7.875
2024-01-28T12:30:00Z,7.938
2024-01-28T12:00:00Z,6.8355
2024-01-28T11:30:00Z,8.295
2024-01-28T11:00:00Z,6.615
2024-01-28T10:30:00Z,9.219
2024-01-28T10:00:00Z,9.4395
2024-01-28T09:30:00Z,10.227
2024-01-28T09:00:00Z,8.358
2024-01-28T08:30:00Z,13.776
2024-01-28T08:00:00Z,7.833
2024-01-28T07:30:00Z,9.597
2024-01-28T07:00:00Z,10.8255
2024-01-28T06:30:00Z,11.571
2024-01-28T06:00:00Z,10.8465
2024-01-28T05:30:00Z,9.8595
2024-01-28T05:00:00Z,9.4815
2024-01-28T04:30:00Z,6.594
2024-01-28T04:00:00Z,6.9195
2024-01-28T03:30:00Z,6.9195
2024-01-28T03:00:00Z,8.82
2024-01-28T02:30:00Z,7.938
2024-01-28T02:00:00Z,10.584
2024-01-28T01:30:00Z,7.56
2024-01-28T01:00:00Z,11.004
2024-01-28T00:30:00Z,12.39
2024-01-28T00:00:00Z,8.2215
2024-01-27T23:30:00Z,9.702
2024-01-27T23:00:00Z,12.5685
2024-01-27T22:30:00Z,12.747
2024-01-27T22:00:00Z,13.23
2024-01-27T21:30:00Z,12.348
2024-01-27T21:00:00Z,14.595
2024-01-27T20:30:00Z,13.23
2024-01-27T20:00:00Z,14.6895
2024-01-27T19:30:00Z,13.23
2024-01-27T19:00:00Z,18.165
2024-01-27T18:30:00Z,28.476
2024-01-27T18:00:00Z,31.521
2024-01-27T17:30:00Z,31.3425
2024-01-27T17:00:00Z,31.3425
2024-01-27T16:30:00Z,30.9015
2024-01-27T16:00:00Z,26.9325
2024-01-27T15:30:00Z,15.435
2024-01-27T15:00:00Z,15.435
2024-01-27T14:30:00Z,13.5135
2024-01-27T14:00:00Z,13.5135
2024-01-27T13:30:00Z,10.143
2024-01-27T13:00:00Z,11.025
2024-01-27T12:30:00Z,10.983
2024-01-27T12:00:00Z,10.3215
2024-01-27T11:30:00Z,11.025
2024-01-27T11:00:00Z,11.025
2024-01-27T10:30:00Z,12.7785
2024-01-27T10:00:00Z,13.188
2024-01-27T09:30:00Z,16.317
2024-01-27T09:00:00Z,15.435
2024-01-27T08:30:00Z,17.64
2024-01-27T08:00:00Z,13.671
2024-01-27T07:30:00Z,14.8365
2024-01-27T07:00:00Z,13.23
2024-01-27T06:30:00Z,13.5135
2024-01-27T06:00:00Z,13.0515
2024-01-27T05:30:00Z,11.7495
2024-01-27T05:00:00Z,11.2455
2024-01-27T04:30:00Z,11.2875
2024-01-27T04:00:00Z,11.466
2024-01-27T03:30:00Z,11.1825
2024-01-27T03:00:00Z,11.466
2024-01-27T02:30:00Z,11.025
2024-01-27T02:00:00Z,11.907
2024-01-27T01:30:00Z,11.025
2024-01-27T01:00:00Z,12.831
2024-01-27T00:30:00Z,13.734
2024-01-27T00:00:00Z,10.689
2024-01-26T23:30:00Z,11.487
2024-01-26T23:00:00Z,12.747
2024-01-26T22:30:00Z,13.272
2024-01-26T22:00:00Z,14.511
2024-01-26T21:30:00Z,14.532
2024-01-26T21:00:00Z,14.595
2024-01-26T20:30:00Z,13.23
2024-01-26T20:00:00Z,14.637
2024-01-26T19:30:00Z,16.212
2024-01-26T19:00:00Z,17.199
2024-01-26T18:30:00Z,30.4185
2024-01-26T18:00:00Z,30.9015
2024-01-26T17:30:00Z,30.744
2024-01-26T17:00:00Z,31.038
2024-01-26T16:30:00Z,28.98
2024-01-26T16:00:00Z,24.948
2024-01-26T15:30:00Z,12.39
2024-01-26T15:00:00Z,13.8915
2024-01-26T14:30:00Z,12.1275
2024-01-26T14:00:00Z,10.962
2024-01-26T13:30:00Z,10.962
2024-01-26T13:00:00Z,10.3635
2024-01-26T12:30:00Z,10.962
2024-01-26T12:00:00Z,11.1825
2024-01-26T11:30:00Z,11.508
2024-01-26T11:00:00Z,11.907
2024-01-26T10:30:00Z,11.6865
2024-01-26T10:00:00Z,13.608
2024-01-26T09:30:00Z,15.6975
2024-01-26T09:00:00Z,16.5375
2024-01-26T08:30:00Z,17.199
2024-01-26T08:00:00Z,16.359
2024-01-26T07:30:00Z,17.178
2024-01-26T07:00:00Z,13.4505
2024-01-26T06:30:00Z,15.792
2024-01-26T06:00:00Z,12.1275
2024-01-26T05:30:00Z,11.6025
2024-01-26T05:00:00Z,10.2795
2024-01-26T04:30:00Z,8.799
2024-01-26T04:00:00Z,8.799
2024-01-26T03:30:00Z,7.035
2024-01-26T03:00:00Z,8.379
2024-01-26T02:30:00Z,7.938
2024-01-26T02:00:00Z,8.9565
2024-01-26T01:30:00Z,6.8985
2024-01-26T01:00:00Z,10.8045
2024-01-26T00:30:00Z,11.466
2024-01-26T00:00:00Z,8.82
2024-01-25T23:30:00Z,10.8465
2024-01-25T23:00:00Z,11.529
2024-01-25T22:30:00Z,9.1035
2024-01-25T22:00:00Z,13.4505
2024-01-25T21:30:00Z,13.23
2024-01-25T21:00:00Z,13.9125
2024-01-25T20:30:00Z,14.994
2024-01-25T20:00:00Z,14.7735
2024-01-25T19:30:00Z,14.994
2024-01-25T19:00:00Z,15.96
2024-01-25T18:30:00Z,30.24
2024-01-25T18:00:00Z,30.555
2024-01-25T17:30:00Z,31.164
2024-01-25T17:00:00Z,31.3425
2024-01-25T16:30:00Z,29.883
2024-01-25T16:00:00Z,27.2895
2024-01-25T15:30:00Z,15.876
2024-01-25T15:00:00Z,14.805
2024-01-25T14:30:00Z,14.553
2024-01-25T14:00:00Z,16.5375
2024-01-25T13:30:00Z,14.3325
2024-01-25T13:00:00Z,15.414
2024-01-25T12:30:00Z,14.595
2024-01-25T12:00:00Z,14.532
2024-01-25T11:30:00Z,14.931
2024-01-25T11:00:00Z,13.8705
2024-01-25T10:30:00Z,14.8365
2024-01-25T10:00:00Z,16.233
2024-01-25T09:30:00Z,15.1725
2024-01-25T09:00:00Z,16.4535
2024-01-25T08:30:00Z,18.081
2024-01-25T08:00:00Z,18.165
2024-01-25T07:30:00Z,19.362
2024-01-25T07:00:00Z,18.963
2024-01-25T06:30:00Z,18.522
2024-01-25T06:00:00Z,16.758
2024-01-25T05:30:00Z,13.5345
2024-01-25T05:00:00Z,14.7315
2024-01-25T04:30:00Z,11.025
2024-01-25T04:00:00Z,13.3875
2024-01-25T03:30:00Z,11.7495
2024-01-25T03:00:00Z,12.789
2024-01-25T02:30:00Z,13.608
2024-01-25T02:00:00Z,15.2145
2024-01-25T01:30:00Z,15.6555
2024-01-25T01:00:00Z,17.262
2024-01-25T00:30:00Z,14.595
2024-01-25T00:00:00Z,13.23
2024-01-24T23:30:00Z,13.629
2024-01-24T23:00:00Z,13.629
2024-01-24T22:30:00Z,14.7735
2024-01-24T22:00:00Z,15.6555
2024-01-24T21:30:00Z,14.511
2024-01-24T21:00:00Z,15.7395
2024-01-24T20:30:00Z,15.477
2024-01-24T20:00:00Z,17.64
2024-01-24T19:30:00Z,16.821
2024-01-24T19:00:00Z,17.64
2024-01-24T18:30:00Z,29.736
2024-01-24T18:00:00Z,30.0615
2024-01-24T17:30:00Z,30.135
2024-01-24T17:00:00Z,29.778
2024-01-24T16:30:00Z,29.5785
2024-01-24T16:00:00Z,25.767
2024-01-24T15:30:00Z,13.923
2024-01-24T15:00:00Z,14.553
2024-01-24T14:30:00Z,15.435
2024-01-24T14:00:00Z,15.435
2024-01-24T13:30:00Z,13.188
2024-01-24T13:00:00Z,13.4295
2024-01-24T12:30:00Z,12.6105
2024-01-24T12:00:00Z,12.348
2024-01-24T11:30:00Z,12.1275
2024-01-24T11:00:00Z,11.2665
2024-01-24T10:30:00Z,12.0855
2024-01-24T10:00:00Z,13.8075
2024-01-24T09:30:00Z,13.8915
2024-01-24T09:00:00Z,14.469
2024-01-24T08:30:00Z,14.007
2024-01-24T08:00:00Z,13.776
2024-01-24T07:30:00Z,14.406
2024-01-24T07:00:00Z,14.6895
2024-01-24T06:30:00Z,13.3665
2024-01-24T06:00:00Z,10.3005
2024-01-24T05:30:00Z,6.615
2024-01-24T05:00:00Z,2.646
2024-01-24T04:30:00Z,0.0
2024-01-24T04:00:00Z,-1.7955
2024-01-24T03:30:00Z,-1.974
2024-01-24T03:00:00Z,0.2205
2024-01-24T02:30:00Z,0.7035
2024-01-24T02:00:00Z,1.806
2024-01-24T01:30:00Z,0.021
2024-01-24T01:00:00Z,2.205
2024-01-24T00:30:00Z,3.948
2024-01-24T00:00:00Z,0.882
2024-01-23T23:30:00Z,0.546
2024-01-23T23:00:00Z,4.41
2024-01-23T22:30:00Z,4.851
2024-01-23T22:00:00Z,9.4605
2024-01-23T21:30:00Z,13.188
2024-01-23T21:00:00Z,13.671
2024-01-23T20:30:00Z,13.23
2024-01-23T20:00:00Z,14.2905
2024-01-23T19:30:00Z,13.8915
2024-01-23T19:00:00Z,14.3325
2024-01-23T18:30:00Z,27.3315
2024-01-23T18:00:00Z,27.7725
2024-01-23T17:30:00Z,29.6205
2024-01-23T17:00:00Z,29.5365
2024-01-23T16:30:00Z,30.0195
2024-01-23T16:00:00Z,26.376
2024-01-23T15:30:00Z,13.671
2024-01-23T15:00:00Z,13.587
2024-01-23T14:30:00Z,13.209
2024-01-23T14:00:00Z,14.112
2024-01-23T13:30:00Z,13.209
2024-01-23T13:00:00Z,13.8705
2024-01-23T12:30:00Z,14.7735
2024-01-23T12:00:00Z,14.112
2024-01-23T11:30:00Z,14.3325
2024-01-23T11:00:00Z,13.671
2024-01-23T10:30:00Z,14.3325
2024-01-23T10:00:00Z,15.519
2024-01-23T09:30:00Z,16.422
2024-01-23T09:00:00Z,17.0625
2024-01-23T08:30:00Z,18.06
2024-01-23T08:00:00Z,16.9365
2024-01-23T07:30:00Z,17.976
2024-01-23T07:00:00Z,16.5375
2024-01-23T06:30:00Z,16.5375
2024-01-23T06:00:00Z,16.5375
2024-01-23T05:30:00Z,12.789
2024-01-23T05:00:00Z,8.82
2024-01-23T04:30:00Z,8.1375
2024-01-23T04:00:00Z,6.8775
2024-01-23T03:30:00Z,6.951
2024-01-23T03:00:00Z,6.951
2024-01-23T02:30:00Z,6.594
2024-01-23T02:00:00Z,6.636
2024-01-23T01:30:00Z,6.8355
2024-01-23T01:00:00Z,8.2215
2024-01-23T00:30:00Z,8.463
2024-01-23T00:00:00Z,5.376
2024-01-22T23:30:00Z,6.0375
2024-01-22T23:00:00Z,9.723
2024-01-22T22:30:00Z,9.261
2024-01-22T22:00:00Z,12.9675
2024-01-22T21:30:00Z,13.188
2024-01-22T21:00:00Z,14.175
2024-01-22T20:30:00Z,15.33
2024-01-22T20:00:00Z,15.435
2024-01-22T19:30:00Z,15.435
2024-01-22T19:00:00Z,16.863
2024-01-22T18:30:00Z,30.618
2024-01-22T18:00:00Z,31.038
2024-01-22T17:30:00Z,32.025
2024-01-22T17:00:00Z,32.025
2024-01-22T16:30:00Z,31.038
2024-01-22T16:00:00Z,28.7595
2024-01-22T15:30:00Z,13.4505
2024-01-22T15:00:00Z,12.789
2024-01-22T14:30:00Z,12.6
2024-01-22T14:00:00Z,12.9675
2024-01-22T13:30:00Z,11.2455
2024-01-22T13:00:00Z,11.7285
2024-01-22T12:30:00Z,12.1275
2024-01-22T12:00:00Z,11.907
2024-01-22T11:30:00Z,15.834
2024-01-22T11:00:00Z,15.918
2024-01-22T10:30:00Z,15.498
2024-01-22T10:00:00Z,17.3775
2024-01-22T09:30:00Z,17.115
2024-01-22T09:00:00Z,16.9575
2024-01-22T08:30:00Z,16.9365
2024-01-22T08:00:00Z,16.3905
2024-01-22T07:30:00Z,19.404
2024-01-22T07:00:00Z,15.435
2024-01-22T06:30:00Z,15.4665
2024-01-22T06:00:00Z,11.907
2024-01-22T05:30:00Z,9.807
2024-01-22T05:00:00Z,6.3525
2024-01-22T04:30:00Z,1.9845
2024-01-22T04:00:00Z,3.528
2024-01-22T03:30:00Z,0.966
2024-01-22T03:00:00Z,4.494
2024-01-22T02:30:00Z,1.5435
2024-01-22T02:00:00Z,4.851
2024-01-22T01:30:00Z,3.7905
2024-01-22T01:00:00Z,7.7595
2024-01-22T00:30:00Z,10.521
2024-01-22T00:00:00Z,8.82
2024-01-21T23:30:00Z,9.1245
2024-01-21T23:00:00Z,11.382
2024-01-21T22:30:00Z,11.403
2024-01-21T22:00:00Z,13.608
2024-01-21T21:30:00Z,15.8445
2024-01-21T21:00:00Z,15.393
2024-01-21T20:30:00Z,14.994
2024-01-21T20:00:00Z,15.3405
2024-01-21T19:30:00Z,15.7185
2024-01-21T19:00:00Z,17.64
2024-01-21T18:30:00Z,31.08
2024-01-21T18:00:00Z,32.361
2024-01-21T17:30:00Z,30.8805
2024-01-21T17:00:00Z,30.9435
2024-01-21T16:30:00Z,30.0195
2024-01-21T16:00:00Z,25.5885
2024-01-21T15:30:00Z,14.112
2024-01-21T15:00:00Z,13.4715
2024-01-21T14:30:00Z,13.9335
2024-01-21T14:00:00Z,14.553
2024-01-21T13:30:00Z,15.435
2024-01-21T13:00:00Z,16.5375
2024-01-21T12:30:00Z,15.435
2024-01-21T12:00:00Z,15.435
2024-01-21T11:30:00Z,15.2145
2024-01-21T11:00:00Z,15.75
2024-01-21T10:30:00Z,13.8495
2024-01-21T10:00:00Z,13.608
2024-01-21T09:30:00Z,12.789
2024-01-21T09:00:00Z,10.626
2024-01-21T08:30:00Z,13.608
2024-01-21T08:00:00Z,9.702
2024-01-21T07:30:00Z,11.403
2024-01-21T07:00:00Z,10.584
2024-01-21T06:30:00Z,11.403
2024-01-21T06:00:00Z,8.5995
2024-01-21T05:30:00Z,9.0405
2024-01-21T05:00:00Z,9.9225
2024-01-21T04:30:00Z,9.261
2024-01-21T04:00:00Z,11.403
2024-01-21T03:30:00Z,8.715
2024-01-21T03:00:00Z,9.702
2024-01-21T02:30:00Z,10.3005
2024-01-21T02:00:00Z,11.2455
2024-01-21T01:30:00Z,11.403
2024-01-21T01:00:00Z,11.6865
2024-01-21T00:30:00Z,12.831
2024-01-21T00:00:00Z,10.584
2024-01-20T23:30:00Z,12.5265
2024-01-20T23:00:00Z,12.5685
2024-01-20T22:30:00Z,13.23
2024-01-20T22:00:00Z,15.2355
2024-01-20T21:30:00Z,14.532
2024-01-20T21:00:00Z,14.8155
2024-01-20T20:30:00Z,15.036
2024-01-20T20:00:00Z,15.2985
2024-01-20T19:30:00Z,15.1725
2024-01-20T19:00:00Z,17.556
2024-01-20T18:30:00Z,29.295
2024-01-20T18:00:00Z,30.576
2024-01-20T17:30:00Z,31.647
2024-01-20T17:00:00Z,31.3425
2024-01-20T16:30:00Z,32.1405
2024-01-20T16:00:00Z,29.1795
2024-01-20T15:30:00Z,17.64
2024-01-20T15:00:00Z,15.435
2024-01-20T14:30:00Z,13.3875
2024-01-20T14:00:00Z,16.632
2024-01-20T13:30:00Z,13.8915
2024-01-20T13:00:00Z,14.469
2024-01-20T12:30:00Z,13.23
2024-01-20T12:00:00Z,12.705
2024-01-20T11:30:00Z,14.91
2024-01-20T11:00:00Z,14.469
2024-01-20T10:30:00Z,14.3955
2024-01-20T10:00:00Z,14.112
2024-01-20T09:30:00Z,16.758
2024-01-20T09:00:00Z,15.2145
2024-01-20T08:30:00Z,17.4615
2024-01-20T08:00:00Z,13.23
2024-01-20T07:30:00Z,14.553
2024-01-20T07:00:00Z,14.994
2024-01-20T06:30:00Z,13.8915
2024-01-20T06:00:00Z,14.007
2024-01-20T05:30:00Z,13.23
2024-01-20T05:00:00Z,13.671
2024-01-20T04:30:00Z,12.348
2024-01-20T04:00:00Z,13.23
2024-01-20T03:30:00Z,11.991
2024-01-20T03:00:00Z,13.1355
2024-01-20T02:30:00Z,12.1275
2024-01-20T02:00:00Z,12.5265
2024-01-20T01:30:00Z,12.1275
2024-01-20T01:00:00Z,13.23
2024-01-20T00:30:00Z,14.511
2024-01-20T00:00:00Z,13.0095
2024-01-19T23:30:00Z,15.1515
2024-01-19T23:00:00Z,13.4505
2024-01-19T22:30:00Z,13.713
2024-01-19T22:00:00Z,14.7735
2024-01-19T21:30:00Z,15.519
2024-01-19T21:00:00Z,15.876
2024-01-19T20:30:00Z,15.981
2024-01-19T20:00:00Z,15.519
2024-01-19T19:30:00Z,14.3535
2024-01-19T19:00:00Z,16.5375
2024-01-19T18:30:00Z,28.6965
2024-01-19T18:00:00Z,29.694
2024-01-19T17:30:00Z,30.9435
2024-01-19T17:00:00Z,30.8175
2024-01-19T16:30:00Z,31.3425
2024-01-19T16:00:00Z,29.5575
2024-01-19T15:30:00Z,16.5375
2024-01-19T15:00:00Z,14.7525
2024-01-19T14:30:00Z,14.889
2024-01-19T14:00:00Z,13.9755
2024-01-19T13:30:00Z,12.9465
2024-01-19T13:00:00Z,13.8915
2024-01-19T12:30:00Z,13.9755
2024-01-19T12:00:00Z,14.3325
2024-01-19T11:30:00Z,14.07
2024-01-19T11:00:00Z,14.8155
2024-01-19T10:30:00Z,15.519
2024-01-19T10:00:00Z,16.5375
2024-01-19T09:30:00Z,17.64
2024-01-19T09:00:00Z,18.7425
2024-01-19T08:30:00Z,19.404
2024-01-19T08:00:00Z,19.404
2024-01-19T07:30:00Z,20.748
2024-01-19T07:00:00Z,16.506
2024-01-19T06:30:00Z,19.278
2024-01-19T06:00:00Z,16.5375
2024-01-19T05:30:00Z,13.4085
2024-01-19T05:00:00Z,14.3325
2024-01-19T04:30:00Z,13.4505
2024-01-19T04:00:00Z,14.3325
2024-01-19T03:30:00Z,13.0515
2024-01-19T03:00:00Z,13.272
2024-01-19T02:30:00Z,12.5685
2024-01-19T02:00:00Z,13.0935
2024-01-19T01:30:00Z,13.23
2024-01-19T01:00:00Z,13.9755
2024-01-19T00:30:00Z,17.2095
2024-01-19T00:00:00Z,13.23
2024-01-18T23:30:00Z,13.23
2024-01-18T23:00:00Z,13.6815
2024-01-18T22:30:00Z,14.07
2024-01-18T22:00:00Z,15.2145
2024-01-18T21:30:00Z,15.855
2024-01-18T21:00:00Z,20.2125
2024-01-18T20:30:00Z,16.863
2024-01-18T20:00:00Z,16.758
2024-01-18T19:30:00Z,14.553
2024-01-18T19:00:00Z,17.199
2024-01-18T18:30:00Z,29.1795
2024-01-18T18:00:00Z,31.0485
2024-01-18T17:30:00Z,31.1325
2024-01-18T17:00:00Z,30.0195
2024-01-18T16:30:00Z,32.445
2024-01-18T16:00:00Z,29.1375
2024-01-18T15:30:00Z,19.1835
2024-01-18T15:00:00Z,15.435
2024-01-18T14:30:00Z,15.876
2024-01-18T14:00:00Z,15.519
2024-01-18T13:30:00Z,14.3745
2024-01-18T13:00:00Z,16.758
2024-01-18T12:30:00Z,14.3325
2024-01-18T12:00:00Z,16.0965
2024-01-18T11:30:00Z,16.758
2024-01-18T11:00:00Z,16.9365
2024-01-18T10:30:00Z,16.5795
2024-01-18T10:00:00Z,18.564
2024-01-18T09:30:00Z,20.811
2024-01-18T09:00:00Z,21.084
2024-01-18T08:30:00Z,21.168
2024-01-18T08:00:00Z,21.168
2024-01-18T07:30:00Z,20.9475
2024-01-18T07:00:00Z,19.6245
2024-01-18T06:30:00Z,16.317
2024-01-18T06:00:00Z,14.574
2024-01-18T05:30:00Z,13.671
2024-01-18T05:00:00Z,15.099
2024-01-18T04:30:00Z,13.314
2024-01-18T04:00:00Z,13.8915
2024-01-18T03:30:00Z,13.23
2024-01-18T03:00:00Z,13.566
2024-01-18T02:30:00Z,13.566
2024-01-18T02:00:00Z,13.671
2024-01-18T01:30:00Z,14.616
2024-01-18T01:00:00Z,17.64
2024-01-18T00:30:00Z,19.2045
2024-01-18T00:00:00Z,14.133
2024-01-17T23:30:00Z,14.889
2024-01-17T23:00:00Z,14.3325
2024-01-17T22:30:00Z,14.931
2024-01-17T22:00:00Z,17.178
2024-01-17T21:30:00Z,17.199
2024-01-17T21:00:00Z,17.5875
2024-01-17T20:30:00Z,17.199
2024-01-17T20:00:00Z,20.811
2024-01-17T19:30:00Z,20.223
2024-01-17T19:00:00Z,22.7325
2024-01-17T18:30:00Z,34.8705
2024-01-17T18:00:00Z,34.65
2024-01-17T17:30:00Z,35.973
2024-01-17T17:00:00Z,34.1145
2024-01-17T16:30:00Z,36.519
2024-01-17T16:00:00Z,33.768
2024-01-17T15:30:00Z,23.373
2024-01-17T15:00:00Z,20.706
2024-01-17T14:30:00Z,22.2705
2024-01-17T14:00:00Z,21.819
2024-01-17T13:30:00Z,19.845
2024-01-17T13:00:00Z,22.2285
2024-01-17T12:30:00Z,21.168
2024-01-17T12:00:00Z,22.2285
2024-01-17T11:30:00Z,21.8715
2024-01-17T11:00:00Z,21.6825
2024-01-17T10:30:00Z,21.168
2024-01-17T10:00:00Z,22.134
2024-01-17T09:30:00Z,21.168
2024-01-17T09:00:00Z,21.084
2024-01-17T08:30:00Z,19.95
2024-01-17T08:00:00Z,17.136
2024-01-17T07:30:00Z,21.168
2024-01-17T07:00:00Z,15.897
2024-01-17T06:30:00Z,18.7005
2024-01-17T06:00:00Z,15.603
2024-01-17T05:30:00Z,14.3535
2024-01-17T05:00:00Z,14.3325
2024-01-17T04:30:00Z,13.9755
2024-01-17T04:00:00Z,15.519
2024-01-17T03:30:00Z,14.3535
2024-01-17T03:00:00Z,14.3535
2024-01-17T02:30:00Z,13.8075
2024-01-17T02:00:00Z,13.608
2024-01-17T01:30:00Z,14.3535
2024-01-17T01:00:00Z,14.448
2024-01-17T00:30:00Z,14.994
2024-01-17T00:00:00Z,13.566
2024-01-16T23:30:00Z,13.23
2024-01-16T23:00:00Z,13.8915
2024-01-16T22:30:00Z,13.4505
2024-01-16T22:00:00Z,14.91
2024-01-16T21:30:00Z,14.112
2024-01-16T21:00:00Z,16.8315
2024-01-16T20:30:00Z,16.821
2024-01-16T20:00:00Z,17.661
2024-01-16T19:30:00Z,18.081
2024-01-16T19:00:00Z,19.845
2024-01-16T18:30:00Z,33.369
2024-01-16T18:00:00Z,34.251
2024-01-16T17:30:00Z,35.2485
2024-01-16T17:00:00Z,35.3535
2024-01-16T16:30:00Z,36.414
2024-01-16T16:00:00Z,35.091
2024-01-16T15:30:00Z,21.3885
2024-01-16T15:00:00Z,19.761
2024-01-16T14:30:00Z,19.5405
2024-01-16T14:00:00Z,19.845
2024-01-16T13:30:00Z,18.081
2024-01-16T13:00:00Z,18.7425
2024-01-16T12:30:00Z,17.8185
2024-01-16T12:00:00Z,18.3015
2024-01-16T11:30:00Z,18.627
2024-01-16T11:00:00Z,19.1835
2024-01-16T10:30:00Z,20.9475
2024-01-16T10:00:00Z,22.2705
2024-01-16T09:30:00Z,23.289
2024-01-16T09:00:00Z,23.898
2024-01-16T08:30:00Z,25.053
2024-01-16T08:00:00Z,24.339
2024-01-16T07:30:00Z,24.696
2024-01-16T07:00:00Z,24.0555
2024-01-16T06:30:00Z,21.8715
2024-01-16T06:00:00Z,18.585
2024-01-16T05:30:00Z,16.317
2024-01-16T05:00:00Z,16.5585
2024-01-16T04:30:00Z,13.4505
2024-01-16T04:00:00Z,15.5715
2024-01-16T03:30:00Z,14.7735
2024-01-16T03:00:00Z,16.0965
2024-01-16T02:30:00Z,14.7315
2024-01-16T02:00:00Z,15.1725
2024-01-16T01:30:00Z,14.994
2024-01-16T01:00:00Z,15.2145
2024-01-16T00:30:00Z,14.973
2024-01-16T00:00:00Z,13.272
2024-01-15T23:30:00Z,14.07
2024-01-15T23:00:00Z,15.2565
2024-01-15T22:30:00Z,15.6555
2024-01-15T22:00:00Z,16.5375
2024-01-15T21:30:00Z,16.674
2024-01-15T21:00:00Z,21.7455
2024-01-15T20:30:00Z,18.606
2024-01-15T20:00:00Z,22.575
2024-01-15T19:30:00Z,21.168
2024-01-15T19:00:00Z,22.575
2024-01-15T18:30:00Z,35.889
2024-01-15T18:00:00Z,35.3115
2024-01-15T17:30:00Z,35.2275
2024-01-15T17:00:00Z,34.3455
2024-01-15T16:30:00Z,36.1305
2024-01-15T16:00:00Z,29.5365
2024-01-15T15:30:00Z,21.357
2024-01-15T15:00:00Z,14.8155
2024-01-15T14:30:00Z,17.3985
2024-01-15T14:00:00Z,17.64
2024-01-15T13:30:00Z,14.8155
2024-01-15T13:00:00Z,16.569
2024-01-15T12:30:00Z,17.64
2024-01-15T12:00:00Z,17.3985
2024-01-15T11:30:00Z,17.199
2024-01-15T11:00:00Z,16.275
2024-01-15T10:30:00Z,14.994
2024-01-15T10:00:00Z,18.018
2024-01-15T09:30:00Z,18.3015
2024-01-15T09:00:00Z,18.3435
2024-01-15T08:30:00Z,18.6795
2024-01-15T08:00:00Z,18.3435
2024-01-15T07:30:00Z,21.609
2024-01-15T07:00:00Z,15.897
2024-01-15T06:30:00Z,15.435
2024-01-15T06:00:00Z,17.64
2024-01-15T05:30:00Z,15.477
2024-01-15T05:00:00Z,16.9995
2024-01-15T04:30:00Z,14.8155
2024-01-15T04:00:00Z,14.8155
2024-01-15T03:30:00Z,14.49
2024-01-15T03:00:00Z,14.8575
2024-01-15T02:30:00Z,13.713
2024-01-15T02:00:00Z,14.3325
2024-01-15T01:30:00Z,13.0935
2024-01-15T01:00:00Z,14.3325
2024-01-15T00:30:00Z,15.6345
2024-01-15T00:00:00Z,14.3325
2024-01-14T23:30:00Z,15.435
2024-01-14T23:00:00Z,14.49
2024-01-14T22:30:00Z,14.3325
2024-01-14T22:00:00Z,14.7735
2024-01-14T21:30:00Z,15.771
2024-01-14T21:00:00Z,16.5375
2024-01-14T20:30:00Z,15.834
2024-01-14T20:00:00Z,16.0125
2024-01-14T19:30:00Z,15.771
2024-01-14T19:00:00Z,17.64
2024-01-14T18:30:00Z,27.972
2024-01-14T18:00:00Z,32.928
2024-01-14T17:30:00Z,31.647
2024-01-14T17:00:00Z,33.243
2024-01-14T16:30:00Z,33.768
2024-01-14T16:00:00Z,28.518
2024-01-14T15:30:00Z,19.845
2024-01-14T15:00:00Z,17.199
2024-01-14T14:30:00Z,14.8365
2024-01-14T14:00:00Z,17.283
2024-01-14T13:30:00Z,15.372
2024-01-14T13:00:00Z,19.845
2024-01-14T12:30:00Z,15.372
2024-01-14T12:00:00Z,15.372
2024-01-14T11:30:00Z,16.1595
2024-01-14T11:00:00Z,15.372
2024-01-14T10:30:00Z,16.9785
2024-01-14T10:00:00Z,16.863
2024-01-14T09:30:00Z,20.0655
2024-01-14T09:00:00Z,17.283
2024-01-14T08:30:00Z,17.8395
2024-01-14T08:00:00Z,15.372
2024-01-14T07:30:00Z,15.372
2024-01-14T07:00:00Z,15.372
2024-01-14T06:30:00Z,14.3745
2024-01-14T06:00:00Z,15.1725
2024-01-14T05:30:00Z,14.4165
2024-01-14T05:00:00Z,14.553
2024-01-14T04:30:00Z,13.9335
2024-01-14T04:00:00Z,15.372
2024-01-14T03:30:00Z,15.372
2024-01-14T03:00:00Z,16.233
2024-01-14T02:30:00Z,15.393
2024-01-14T02:00:00Z,15.5715
2024-01-14T01:30:00Z,15.6555
2024-01-14T01:00:00Z,19.6665
2024-01-14T00:30:00Z,18.522
2024-01-14T00:00:00Z,15.372
2024-01-13T23:30:00Z,18.7005
2024-01-13T23:00:00Z,15.372
2024-01-13T22:30:00Z,14.7315
2024-01-13T22:00:00Z,17.283
2024-01-13T21:30:00Z,15.435
2024-01-13T21:00:00Z,18.963
2024-01-13T20:30:00Z,17.283
2024-01-13T20:00:00Z,17.997
2024-01-13T19:30:00Z,18.4485
2024-01-13T19:00:00Z,23.037
2024-01-13T18:30:00Z,31.122
2024-01-13T18:00:00Z,33.264
2024-01-13T17:30:00Z,34.209
2024-01-13T17:00:00Z,34.209
2024-01-13T16:30:00Z,35.973
2024-01-13T16:00:00Z,32.2245
2024-01-13T15:30:00Z,18.522
2024-01-13T15:00:00Z,15.981
2024-01-13T14:30:00Z,15.435
2024-01-13T14:00:00Z,15.435
2024-01-13T13:30:00Z,14.7315
2024-01-13T13:00:00Z,15.2145
2024-01-13T12:30:00Z,14.994
2024-01-13T12:00:00Z,14.7315
2024-01-13T11:30:00Z,14.7315
2024-01-13T11:00:00Z,14.7315
2024-01-13T10:30:00Z,18.3435
2024-01-13T10:00:00Z,18.606
2024-01-13T09:30:00Z,20.0865
2024-01-13T09:00:00Z,18.963
2024-01-13T08:30:00Z,20.727
2024-01-13T08:00:00Z,16.821
2024-01-13T07:30:00Z,17.64
2024-01-13T07:00:00Z,16.422
2024-01-13T06:30:00Z,15.435
2024-01-13T06:00:00Z,15.792
2024-01-13T05:30:00Z,15.6975
2024-01-13T05:00:00Z,15.393
2024-01-13T04:30:00Z,14.3325
2024-01-13T04:00:00Z,14.553
2024-01-13T03:30:00Z,14.3325
2024-01-13T03:00:00Z,15.372
2024-01-13T02:30:00Z,14.994
2024-01-13T02:00:00Z,15.435
2024-01-13T01:30:00Z,15.435
2024-01-13T01:00:00Z,16.9365
2024-01-13T00:30:00Z,19.404
2024-01-13T00:00:00Z,14.7315
2024-01-12T23:30:00Z,17.64
2024-01-12T23:00:00Z,18.543
2024-01-12T22:30:00Z,15.6555
2024-01-12T22:00:00Z,15.6555
2024-01-12T21:30:00Z,16.5585
2024-01-12T21:00:00Z,18.3225
2024-01-12T20:30:00Z,18.606
2024-01-12T20:00:00Z,19.404
2024-01-12T19:30:00Z,19.047
2024-01-12T19:00:00Z,22.05
2024-01-12T18:30:00Z,32.445
2024-01-12T18:00:00Z,34.209
2024-01-12T17:30:00Z,33.768
2024-01-12T17:00:00Z,33.327
2024-01-12T16:30:00Z,36.855
2024-01-12T16:00:00Z,32.886
2024-01-12T15:30:00Z,22.533
2024-01-12T15:00:00Z,21.168
2024-01-12T14:30:00Z,19.887
2024-01-12T14:00:00Z,21.168
2024-01-12T13:30:00Z,18.543
2024-01-12T13:00:00Z,20.307
2024-01-12T12:30:00Z,19.5825
2024-01-12T12:00:00Z,20.9895
2024-01-12T11:30:00Z,21.084
2024-01-12T11:00:00Z,20.5065
2024-01-12T10:30:00Z,22.134
2024-01-12T10:00:00Z,21.8715
2024-01-12T09:30:00Z,23.835
2024-01-12T09:00:00Z,23.1945
2024-01-12T08:30:00Z,26.103
2024-01-12T08:00:00Z,23.835
2024-01-12T07:30:00Z,25.3995
2024-01-12T07:00:00Z,24.0345
2024-01-12T06:30:00Z,20.9055
2024-01-12T06:00:00Z,18.6585
2024-01-12T05:30:00Z,15.057
2024-01-12T05:00:00Z,15.057
2024-01-12T04:30:00Z,15.2775
2024-01-12T04:00:00Z,15.2775
2024-01-12T03:30:00Z,14.7105
2024-01-12T03:00:00Z,15.2775
2024-01-12T02:30:00Z,14.7735
2024-01-12T02:00:00Z,15.2145
2024-01-12T01:30:00Z,15.1305
2024-01-12T01:00:00Z,15.2775
2024-01-12T00:30:00Z,15.414
2024-01-12T00:00:00Z,14.658
2024-01-11T23:30:00Z,15.2775
2024-01-11T23:00:00Z,15.435
2024-01-11T22:30:00Z,15.498
2024-01-11T22:00:00Z,17.64
2024-01-11T21:30:00Z,18.585
2024-01-11T21:00:00Z,19.761
2024-01-11T20:30:00Z,19.866
2024-01-11T20:00:00Z,22.2285
2024-01-11T19:30:00Z,22.092
2024-01-11T19:00:00Z,23.1525
2024-01-11T18:30:00Z,34.8285
2024-01-11T18:00:00Z,37.653
2024-01-11T17:30:00Z,38.514
2024-01-11T17:00:00Z,37.695
2024-01-11T16:30:00Z,39.06
2024-01-11T16:00:00Z,34.4925
2024-01-11T15:30:00Z,23.6145
2024-01-11T15:00:00Z,20.265
2024-01-11T14:30:00Z,21.3045
2024-01-11T14:00:00Z,21.8715
2024-01-11T13:30:00Z,18.963
2024-01-11T13:00:00Z,20.349
2024-01-11T12:30:00Z,18.543
2024-01-11T12:00:00Z,20.391
2024-01-11T11:30:00Z,19.047
2024-01-11T11:00:00Z,18.942
2024-01-11T10:30:00Z,20.328
2024-01-11T10:00:00Z,21.168
2024-01-11T09:30:00Z,21.63
2024-01-11T09:00:00Z,22.512
2024-01-11T08:30:00Z,23.814
2024-01-11T08:00:00Z,20.286
2024-01-11T07:30:00Z,25.935
2024-01-11T07:00:00Z,23.457
2024-01-11T06:30:00Z,22.491
2024-01-11T06:00:00Z,18.7005
2024-01-11T05:30:00Z,16.5375
2024-01-11T05:00:00Z,16.317
2024-01-11T04:30:00Z,15.435
2024-01-11T04:00:00Z,16.338
2024-01-11T03:30:00Z,15.477
2024-01-11T03:00:00Z,16.338
2024-01-11T02:30:00Z,15.2355
2024-01-11T02:00:00Z,16.254
2024-01-11T01:30:00Z,15.414
2024-01-11T01:00:00Z,16.317
2024-01-11T00:30:00Z,17.3355
2024-01-11T00:00:00Z,15.1515
2024-01-10T23:30:00Z,16.5795
2024-01-10T23:00:00Z,18.2175
2024-01-10T22:30:00Z,16.233
2024-01-10T22:00:00Z,17.661
2024-01-10T21:30:00Z,19.026
2024-01-10T21:00:00Z,22.491
2024-01-10T20:30:00Z,19.74
2024-01-10T20:00:00Z,21.063
2024-01-10T19:30:00Z,23.1525
2024-01-10T19:00:00Z,23.9925
2024-01-10T18:30:00Z,37.8
2024-01-10T18:00:00Z,38.178
2024-01-10T17:30:00Z,38.619
2024-01-10T17:00:00Z,37.9785
2024-01-10T16:30:00Z,39.8055
2024-01-10T16:00:00Z,37.737
2024-01-10T15:30:00Z,25.914
2024-01-10T15:00:00Z,23.6355
2024-01-10T14:30:00Z,22.05
2024-01-10T14:00:00Z,22.05
2024-01-10T13:30:00Z,17.5035
2024-01-10T13:00:00Z,20.286
2024-01-10T12:30:00Z,19.845
2024-01-10T12:00:00Z,21.168
2024-01-10T11:30:00Z,21.609
2024-01-10T11:00:00Z,20.9475
2024-01-10T10:30:00Z,21.168
2024-01-10T10:00:00Z,21.609
2024-01-10T09:30:00Z,22.071
2024-01-10T09:00:00Z,22.2495
2024-01-10T08:30:00Z,25.7985
2024-01-10T08:00:00Z,24.0345
2024-01-10T07:30:00Z,25.074
2024-01-10T07:00:00Z,23.835
2024-01-10T06:30:00Z,20.9055
2024-01-10T06:00:00Z,16.5795
2024-01-10T05:30:00Z,15.036
2024-01-10T05:00:00Z,14.7735
2024-01-10T04:30:00Z,14.952
2024-01-10T04:00:00Z,15.5715
2024-01-10T03:30:00Z,14.889
2024-01-10T03:00:00Z,15.036
2024-01-10T02:30:00Z,15.036
2024-01-10T02:00:00Z,15.036
2024-01-10T01:30:00Z,15.036
2024-01-10T01:00:00Z,15.5925
2024-01-10T00:30:00Z,17.199
2024-01-10T00:00:00Z,14.7945
2024-01-09T23:30:00Z,14.889
2024-01-09T23:00:00Z,15.1725
2024-01-09T22:30:00Z,15.372
2024-01-09T22:00:00Z,17.8605
2024-01-09T21:30:00Z,16.758
2024-01-09T21:00:00Z,19.2045
2024-01-09T20:30:00Z,17.8605
2024-01-09T20:00:00Z,21.3885
2024-01-09T19:30:00Z,22.113
2024-01-09T19:00:00Z,23.5725
2024-01-09T18:30:00Z,37.317
2024-01-09T18:00:00Z,37.737
2024-01-09T17:30:00Z,35.511
2024-01-09T17:00:00Z,37.233
2024-01-09T16:30:00Z,39.396
2024-01-09T16:00:00Z,37.212
2024-01-09T15:30:00Z,24.339
2024-01-09T15:00:00Z,19.1835
2024-01-09T14:30:00Z,20.265
2024-01-09T14:00:00Z,20.4645
2024-01-09T13:30:00Z,18.018
2024-01-09T13:00:00Z,19.446
2024-01-09T12:30:00Z,18.3855
2024-01-09T12:00:00Z,18.3855
2024-01-09T11:30:00Z,18.858
2024-01-09T11:00:00Z,18.501
2024-01-09T10:30:00Z,19.1835
2024-01-09T10:00:00Z,19.6245
2024-01-09T09:30:00Z,19.866
2024-01-09T09:00:00Z,20.0025
2024-01-09T08:30:00Z,23.1525
2024-01-09T08:00:00Z,21.1575
2024-01-09T07:30:00Z,23.1525
2024-01-09T07:00:00Z,18.963
2024-01-09T06:30:00Z,16.758
2024-01-09T06:00:00Z,15.2145
2024-01-09T05:30:00Z,15.2145
2024-01-09T05:00:00Z,15.6555
2024-01-09T04:30:00Z,15.372
2024-01-09T04:00:00Z,16.275
2024-01-09T03:30:00Z,14.8995
2024-01-09T03:00:00Z,15.477
2024-01-09T02:30:00Z,15.2145
2024-01-09T02:00:00Z,15.792
2024-01-09T01:30:00Z,15.2145
2024-01-09T01:00:00Z,15.96
2024-01-09T00:30:00Z,15.918
2024-01-09T00:00:00Z,15.2145
2024-01-08T23:30:00Z,15.2145
2024-01-08T23:00:00Z,15.498
2024-01-08T22:30:00Z,16.317
2024-01-08T22:00:00Z,17.4195
2024-01-08T21:30:00Z,17.22
2024-01-08T21:00:00Z,19.068
2024-01-08T20:30:00Z,19.6245
2024-01-08T20:00:00Z,18.732
2024-01-08T19:30:00Z,18.7005
2024-01-08T19:00:00Z,21.168
2024-01-08T18:30:00Z,34.125
2024-01-08T18:00:00Z,36.414
2024-01-08T17:30:00Z,36.1935
2024-01-08T17:00:00Z,35.973
2024-01-08T16:30:00Z,39.06
2024-01-08T16:00:00Z,36.2355
2024-01-08T15:30:00Z,23.1525
2024-01-08T15:00:00Z,22.05
2024-01-08T14:30:00Z,19.425
2024-01-08T14:00:00Z,20.307
2024-01-08T13:30:00Z,18.7005
2024-01-08T13:00:00Z,19.6665
2024-01-08T12:30:00Z,18.186
2024-01-08T12:00:00Z,18.7425
2024-01-08T11:30:00Z,17.808
2024-01-08T11:00:00Z,17.6925
2024-01-08T10:30:00Z,19.299
2024-01-08T10:00:00Z,19.845
2024-01-08T09:30:00Z,20.286
2024-01-08T09:00:00Z,20.769
2024-01-08T08:30:00Z,21.609
2024-01-08T08:00:00Z,20.286
2024-01-08T07:30:00Z,23.037
2024-01-08T07:00:00Z,19.047
2024-01-08T06:30:00Z,18.3225
2024-01-08T06:00:00Z,19.929
2024-01-08T05:30:00Z,15.876
2024-01-08T05:00:00Z,17.64
2024-01-08T04:30:00Z,15.6135
2024-01-08T04:00:00Z,17.661
2024-01-08T03:30:00Z,16.0335
2024-01-08T03:00:00Z,16.9785
2024-01-08T02:30:00Z,16.5375
2024-01-08T02:00:00Z,17.9235
2024-01-08T01:30:00Z,17.997
2024-01-08T01:00:00Z,17.094
2024-01-08T00:30:00Z,19.908
2024-01-08T00:00:00Z,15.96
2024-01-07T23:30:00Z,17.4195
2024-01-07T23:00:00Z,18.522
2024-01-07T22:30:00Z,16.5585
2024-01-07T22:00:00Z,16.9995
2024-01-07T21:30:00Z,17.661
2024-01-07T21:00:00Z,20.181
2024-01-07T20:30:00Z,19.6455
2024-01-07T20:00:00Z,18.7005
2024-01-07T19:30:00Z,18.7425
2024-01-07T19:00:00Z,21.966
2024-01-07T18:30:00Z,33.9885
2024-01-07T18:00:00Z,35.154
2024-01-07T17:30:00Z,35.469
2024-01-07T17:00:00Z,36.2355
2024-01-07T16:30:00Z,36.414
2024-01-07T16:00:00Z,34.65
2024-01-07T15:30:00Z,21.504
2024-01-07T15:00:00Z,19.467
2024-01-07T14:30:00Z,17.199
2024-01-07T14:00:00Z,20.727
2024-01-07T13:30:00Z,20.286
2024-01-07T13:00:00Z,22.932
2024-01-07T12:30:00Z,20.391
2024-01-07T12:00:00Z,20.811
2024-01-07T11:30:00Z,18.7635
2024-01-07T11:00:00Z,16.9365
2024-01-07T10:30:00Z,18.081
2024-01-07T10:00:00Z,18.7005
2024-01-07T09:30:00Z,18.522
2024-01-07T09:00:00Z,17.598
2024-01-07T08:30:00Z,19.845
2024-01-07T08:00:00Z,18.7425
2024-01-07T07:30:00Z,18.165
2024-01-07T07:00:00Z,17.8815
2024-01-07T06:30:00Z,16.1805
2024-01-07T06:00:00Z,16.758
2024-01-07T05:30:00Z,15.414
2024-01-07T05:00:00Z,16.1805
2024-01-07T04:30:00Z,14.091
2024-01-07T04:00:00Z,15.54
2024-01-07T03:30:00Z,15.435
2024-01-07T03:00:00Z,16.1175
2024-01-07T02:30:00Z,15.435
2024-01-07T02:00:00Z,16.401
2024-01-07T01:30:00Z,17.64
2024-01-07T01:00:00Z,19.2255
2024-01-07T00:30:00Z,19.845
2024-01-07T00:00:00Z,15.54
2024-01-06T23:30:00Z,18.543
2024-01-06T23:00:00Z,15.876
2024-01-06T22:30:00Z,16.758
2024-01-06T22:00:00Z,20.9475
2024-01-06T21:30:00Z,18.3015
2024-01-06T21:00:00Z,21.3675
2024-01-06T20:30:00Z,18.081
2024-01-06T20:00:00Z,21.8295
2024-01-06T19:30:00Z,17.682
2024-01-06T19:00:00Z,22.6695
2024-01-06T18:30:00Z,33.5475
2024-01-06T18:00:00Z,37.9575
2024-01-06T17:30:00Z,35.532
2024-01-06T17:00:00Z,35.7525
2024-01-06T16:30:00Z,37.9575
2024-01-06T16:00:00Z,30.807
2024-01-06T15:30:00Z,21.546
2024-01-06T15:00:00Z,18.3015
2024-01-06T14:30:00Z,16.758
2024-01-06T14:00:00Z,18.081
2024-01-06T13:30:00Z,16.338
2024-01-06T13:00:00Z,20.727
2024-01-06T12:30:00Z,19.488
2024-01-06T12:00:00Z,19.32
2024-01-06T11:30:00Z,21.168
2024-01-06T11:00:00Z,19.1415
2024-01-06T10:30:00Z,19.1835
2024-01-06T10:00:00Z,19.404
2024-01-06T09:30:00Z,19.7085
2024-01-06T09:00:00Z,17.7975
2024-01-06T08:30:00Z,18.858
2024-01-06T08:00:00Z,17.8605
2024-01-06T07:30:00Z,18.7005
2024-01-06T07:00:00Z,17.4195
2024-01-06T06:30:00Z,16.233
2024-01-06T06:00:00Z,16.5165
2024-01-06T05:30:00Z,16.1595
2024-01-06T05:00:00Z,16.233
2024-01-06T04:30:00Z,16.233
2024-01-06T04:00:00Z,16.233
2024-01-06T03:30:00Z,16.233
2024-01-06T03:00:00Z,16.233
2024-01-06T02:30:00Z,16.9995
2024-01-06T02:00:00Z,17.0625
2024-01-06T01:30:00Z,17.4195
2024-01-06T01:00:00Z,20.9475
2024-01-06T00:30:00Z,23.898
2024-01-06T00:00:00Z,18.858
2024-01-05T23:30:00Z,18.3015
2024-01-05T23:00:00Z,16.5375
2024-01-05T22:30:00Z,15.6135
2024-01-05T22:00:00Z,18.7425
2024-01-05T21:30:00Z,18.7425
2024-01-05T21:00:00Z,18.7425
2024-01-05T20:30:00Z,18.627
2024-01-05T20:00:00Z,18.585
2024-01-05T19:30:00Z,18.3225
2024-01-05T19:00:00Z,20.9265
2024-01-05T18:30:00Z,32.6025
2024-01-05T18:00:00Z,34.65
2024-01-05T17:30:00Z,35.133
2024-01-05T17:00:00Z,33.9465
2024-01-05T16:30:00Z,35.7525
2024-01-05T16:00:00Z,30.3975
2024-01-05T15:30:00Z,20.916
2024-01-05T15:00:00Z,18.963
2024-01-05T14:30:00Z,19.2045
2024-01-05T14:00:00Z,19.803
2024-01-05T13:30:00Z,18.3015
2024-01-05T13:00:00Z,18.3435
2024-01-05T12:30:00Z,17.8395
2024-01-05T12:00:00Z,18.165
2024-01-05T11:30:00Z,18.3015
2024-01-05T11:00:00Z,18.3015
2024-01-05T10:30:00Z,19.614
2024-01-05T10:00:00Z,20.811
2024-01-05T09:30:00Z,19.845
2024-01-05T09:00:00Z,20.727
2024-01-05T08:30:00Z,22.008
2024-01-05T08:00:00Z,19.2465
2024-01-05T07:30:00Z,20.4435
2024-01-05T07:00:00Z,16.128
2024-01-05T06:30:00Z,16.5585
2024-01-05T06:00:00Z,18.459
2024-01-05T05:30:00Z,15.771
2024-01-05T05:00:00Z,16.422
2024-01-05T04:30:00Z,15.519
2024-01-05T04:00:00Z,15.981
2024-01-05T03:30:00Z,15.498
2024-01-05T03:00:00Z,16.0965
2024-01-05T02:30:00Z,16.5375
2024-01-05T02:00:00Z,16.5375
2024-01-05T01:30:00Z,17.094
2024-01-05T01:00:00Z,17.8815
2024-01-05T00:30:00Z,20.0655
2024-01-05T00:00:00Z,16.9575
2024-01-04T23:30:00Z,17.703
2024-01-04T23:00:00Z,16.317
2024-01-04T22:30:00Z,14.112
2024-01-04T22:00:00Z,16.233
2024-01-04T21:30:00Z,17.598
2024-01-04T21:00:00Z,19.95
2024-01-04T20:30:00Z,17.997
2024-01-04T20:00:00Z,21.168
2024-01-04T19:30:00Z,17.8605
2024-01-04T19:00:00Z,23.373
2024-01-04T18:30:00Z,33.768
2024-01-04T18:00:00Z,35.952
2024-01-04T17:30:00Z,37.275
2024-01-04T17:00:00Z,36.5925
2024-01-04T16:30:00Z,39.06
2024-01-04T16:00:00Z,35.091
2024-01-04T15:30:00Z,22.092
2024-01-04T15:00:00Z,18.7425
2024-01-04T14:30:00Z,20.4645
2024-01-04T14:00:00Z,20.4225
2024-01-04T13:30:00Z,18.081
2024-01-04T13:00:00Z,19.488
2024-01-04T12:30:00Z,17.577
2024-01-04T12:00:00Z,17.64
2024-01-04T11:30:00Z,17.724
2024-01-04T11:00:00Z,17.0415
2024-01-04T10:30:00Z,20.0445
2024-01-04T10:00:00Z,19.404
2024-01-04T09:30:00Z,20.727
2024-01-04T09:00:00Z,20.0655
2024-01-04T08:30:00Z,20.0655
2024-01-04T08:00:00Z,17.535
2024-01-04T07:30:00Z,17.64
2024-01-04T07:00:00Z,16.9785
2024-01-04T06:30:00Z,16.233
2024-01-04T06:00:00Z,17.304
2024-01-04T05:30:00Z,15.5925
2024-01-04T05:00:00Z,14.8575
2024-01-04T04:30:00Z,13.8075
2024-01-04T04:00:00Z,14.8575
2024-01-04T03:30:00Z,13.8495
2024-01-04T03:00:00Z,14.8575
2024-01-04T02:30:00Z,14.574
2024-01-04T02:00:00Z,15.2775
2024-01-04T01:30:00Z,14.91
2024-01-04T01:00:00Z,16.9785
2024-01-04T00:30:00Z,16.5795
2024-01-04T00:00:00Z,14.8575
2024-01-03T23:30:00Z,15.2355
2024-01-03T23:00:00Z,15.414
2024-01-03T22:30:00Z,14.973
2024-01-03T22:00:00Z,16.779
2024-01-03T21:30:00Z,16.7685
2024-01-03T21:00:00Z,16.842
2024-01-03T20:30:00Z,16.4745
2024-01-03T20:00:00Z,16.758
2024-01-03T19:30:00Z,17.304
2024-01-03T19:00:00Z,18.7005
2024-01-03T18:30:00Z,30.576
2024-01-03T18:00:00Z,32.004
2024-01-03T17:30:00Z,33.684
2024-01-03T17:00:00Z,33.306
2024-01-03T16:30:00Z,35.889
2024-01-03T16:00:00Z,31.3005
2024-01-03T15:30:00Z,19.1835
2024-01-03T15:00:00Z,15.876
2024-01-03T14:30:00Z,17.199
2024-01-03T14:00:00Z,16.5375
2024-01-03T13:30:00Z,16.317
2024-01-03T13:00:00Z,18.522
2024-01-03T12:30:00Z,17.5665
2024-01-03T12:00:00Z,17.619
2024-01-03T11:30:00Z,17.64
2024-01-03T11:00:00Z,17.199
2024-01-03T10:30:00Z,16.716
2024-01-03T10:00:00Z,17.199
2024-01-03T09:30:00Z,16.9365
2024-01-03T09:00:00Z,17.0415
2024-01-03T08:30:00Z,16.758
2024-01-03T08:00:00Z,16.7685
2024-01-03T07:30:00Z,16.5375
2024-01-03T07:00:00Z,16.9365
2024-01-03T06:30:00Z,16.0125
2024-01-03T06:00:00Z,16.758
2024-01-03T05:30:00Z,16.5375
2024-01-03T05:00:00Z,16.1805
2024-01-03T04:30:00Z,14.553
2024-01-03T04:00:00Z,14.658
2024-01-03T03:30:00Z,15.834
2024-01-03T03:00:00Z,16.317
2024-01-03T02:30:00Z,15.372
2024-01-03T02:00:00Z,16.254
2024-01-03T01:30:00Z,15.6555
2024-01-03T01:00:00Z,18.144
2024-01-03T00:30:00Z,18.963
2024-01-03T00:00:00Z,14.994
2024-01-02T23:30:00Z,14.112
2024-01-02T23:00:00Z,17.199
2024-01-02T22:30:00Z,10.3635
2024-01-02T22:00:00Z,13.8915
2024-01-02T21:30:00Z,12.1275
2024-01-02T21:00:00Z,16.695
2024-01-02T20:30:00Z,14.091
2024-01-02T20:00:00Z,17.619
2024-01-02T19:30:00Z,14.3325
2024-01-02T19:00:00Z,16.695
2024-01-02T18:30:00Z,27.4575
2024-01-02T18:00:00Z,29.1375
2024-01-02T17:30:00Z,28.476
2024-01-02T17:00:00Z,29.5785
2024-01-02T16:30:00Z,32.6865
2024-01-02T16:00:00Z,29.1375
2024-01-02T15:30:00Z,16.5375
2024-01-02T15:00:00Z,15.96
2024-01-02T14:30:00Z,17.5035
2024-01-02T14:00:00Z,18.7425
2024-01-02T13:30:00Z,18.8055
2024-01-02T13:00:00Z,20.286
2024-01-02T12:30:00Z,18.7425
2024-01-02T12:00:00Z,19.0995
2024-01-02T11:30:00Z,20.685
2024-01-02T11:00:00Z,18.3435
2024-01-02T10:30:00Z,17.808
2024-01-02T10:00:00Z,14.8575
2024-01-02T09:30:00Z,17.9445
2024-01-02T09:00:00Z,18.2595
2024-01-02T08:30:00Z,18.7425
2024-01-02T08:00:00Z,14.112
2024-01-02T07:30:00Z,16.233
2024-01-02T07:00:00Z,12.1275
2024-01-02T06:30:00Z,13.8915
2024-01-02T06:00:00Z,7.7175
2024-01-02T05:30:00Z,6.174
2024-01-02T05:00:00Z,1.1025
2024-01-02T04:30:00Z,4.1895
2024-01-02T04:00:00Z,3.3075
2024-01-02T03:30:00Z,-0.546
2024-01-02T03:00:00Z,2.667
2024-01-02T02:30:00Z,0.882
2024-01-02T02:00:00Z,2.5095
2024-01-02T01:30:00Z,-1.5225
2024-01-02T01:00:00Z,1.5435
2024-01-02T00:30:00Z,4.326
2024-01-02T00:00:00Z,-2.0265
2024-01-01T23:30:00Z,1.5435
2024-01-01T23:00:00Z,3.171
2024-01-01T22:30:00Z,2.121
2024-01-01T22:00:00Z,11.2875
2024-01-01T21:30:00Z,10.101
2024-01-01T21:00:00Z,15.876
2024-01-01T20:30:00Z,13.23
2024-01-01T20:00:00Z,11.466
2024-01-01T19:30:00Z,10.3845
2024-01-01T19:00:00Z,15.876
2024-01-01T18:30:00Z,26.1345
2024-01-01T18:00:00Z,32.004
2024-01-01T17:30:00Z,31.563
2024-01-01T17:00:00Z,33.768
2024-01-01T16:30:00Z,33.768
2024-01-01T16:00:00Z,31.3005
2024-01-01T15:30:00Z,17.64
2024-01-01T15:00:00Z,13.23
2024-01-01T14:30:00Z,16.317
2024-01-01T14:00:00Z,15.1725
2024-01-01T13:30:00Z,17.64
2024-01-01T13:00:00Z,16.6005
2024-01-01T12:30:00Z,13.671
2024-01-01T12:00:00Z,12.1275
2024-01-01T11:30:00Z,15.6975
2024-01-01T11:00:00Z,15.6555
2024-01-01T10:30:00Z,13.23
2024-01-01T10:00:00Z,10.584
2024-01-01T09:30:00Z,14.994
2024-01-01T09:00:00Z,10.584
2024-01-01T08:30:00Z,11.466
2024-01-01T08:00:00Z,6.174
2024-01-01T07:30:00Z,6.3525
2024-01-01T07:00:00Z,5.5125
2024-01-01T06:30:00Z,1.9845
2024-01-01T06:00:00Z,0.2205
2024-01-01T05:30:00Z,0.2205
2024-01-01T05:00:00Z,2.205
2024-01-01T04:30:00Z,-2.562
2024-01-01T04:00:00Z,2.4255
2024-01-01T03:30:00Z,2.4675
2024-01-01T03:00:00Z,5.4705
2024-01-01T02:30:00Z,4.41
2024-01-01T02:00:00Z,6.8775
2024-01-01T01:30:00Z,7.7385
2024-01-01T01:00:00Z,15.393
2024-01-01T00:30:00Z,11.466
2024-01-01T00:00:00Z,7.959
