,DateTime,wind
0,2024-02-01 00:00:00,5.1
1,2024-02-01 00:30:00,5.1
2,2024-02-01 01:00:00,5.1
3,2024-02-01 01:30:00,5.1
4,2024-02-01 02:00:00,5.1
5,2024-02-01 02:30:00,5.1
6,2024-02-01 03:00:00,5.1
7,2024-02-01 03:30:00,5.1
8,2024-02-01 04:00:00,5.1
9,2024-02-01 04:30:00,5.1
10,2024-02-01 05:00:00,5.1
11,2024-02-01 05:30:00,5.1
12,2024-02-01 06:00:00,5.1
13,2024-02-01 06:30:00,5.1
14,2024-02-01 07:00:00,5.1
15,2024-02-01 07:30:00,5.1
16,2024-02-01 08:00:00,5.1
17,2024-02-01 08:30:00,5.1
18,2024-02-01 09:00:00,5.1
19,2024-02-01 09:30:00,5.1
20,2024-02-01 10:00:00,5.1
21,2024-02-01 10:30:00,5.1
22,2024-02-01 11:00:00,5.1
23,2024-02-01 11:30:00,5.1
24,2024-02-01 12:00:00,5.1
25,2024-02-01 12:30:00,5.1
26,2024-02-01 13:00:00,5.1
27,2024-02-01 13:30:00,5.1
28,2024-02-01 14:00:00,5.1
29,2024-02-01 14:30:00,5.1
30,2024-02-01 15:00:00,5.1
31,2024-02-01 15:30:00,5.1
32,2024-02-01 16:00:00,5.1
33,2024-02-01 16:30:00,5.1
34,2024-02-01 17:00:00,5.1
35,2024-02-01 17:30:00,5.1
36,2024-02-01 18:00:00,5.1
37,2024-02-01 18:30:00,5.1
38,2024-02-01 19:00:00,5.1
39,2024-02-01 19:30:00,5.1
40,2024-02-01 20:00:00,5.1
41,2024-02-01 20:30:00,5.1
42,2024-02-01 21:00:00,5.1
43,2024-02-01 21:30:00,5.1
44,2024-02-01 22:00:00,5.1
45,2024-02-01 22:30:00,5.1
46,2024-02-01 23:00:00,5.1
47,2024-02-01 23:30:00,5.1
48,2024-02-02 00:00:00,8.5
49,2024-02-02 00:30:00,8.5
50,2024-02-02 01:00:00,8.5
51,2024-02-02 01:30:00,8.5
52,2024-02-02 02:00:00,8.5
53,2024-02-02 02:30:00,8.5
54,2024-02-02 03:00:00,8.5
55,2024-02-02 03:30:00,8.5
56,2024-02-02 04:00:00,8.5
57,2024-02-02 04:30:00,8.5
58,2024-02-02 05:00:00,8.5
59,2024-02-02 05:30:00,8.5
60,2024-02-02 06:00:00,8.5
61,2024-02-02 06:30:00,8.5
62,2024-02-02 07:00:00,8.5
63,2024-02-02 07:30:00,8.5
64,2024-02-02 08:00:00,8.5
65,2024-02-02 08:30:00,8.5
66,2024-02-02 09:00:00,8.5
67,2024-02-02 09:30:00,8.5
68,2024-02-02 10:00:00,8.5
69,2024-02-02 10:30:00,8.5
70,2024-02-02 11:00:00,8.5
71,2024-02-02 11:30:00,8.5
72,2024-02-02 12:00:00,8.5
73,2024-02-02 12:30:00,8.5
74,2024-02-02 13:00:00,8.5
75,2024-02-02 13:30:00,8.5
76,2024-02-02 14:00:00,8.5
77,2024-02-02 14:30:00,8.5
78,2024-02-02 15:00:00,8.5
79,2024-02-02 15:30:00,8.5
80,2024-02-02 16:00:00,8.5
81,2024-02-02 16:30:00,8.5
82,2024-02-02 17:00:00,8.5
83,2024-02-02 17:30:00,8.5
84,2024-02-02 18:00:00,8.5
85,2024-02-02 18:30:00,8.5
86,2024-02-02 19:00:00,8.5
87,2024-02-02 19:30:00,8.5
88,2024-02-02 20:00:00,8.5
89,2024-02-02 20:30:00,8.5
90,2024-02-02 21:00:00,8.5
91,2024-02-02 21:30:00,8.5
92,2024-02-02 22:00:00,8.5
93,2024-02-02 22:30:00,8.5
94,2024-02-02 23:00:00,8.5
95,2024-02-02 23:30:00,8.5
96,2024-02-03 00:00:00,5.8
97,2024-02-03 00:30:00,5.8
98,2024-02-03 01:00:00,5.8
99,2024-02-03 01:30:00,5.8
100,2024-02-03 02:00:00,5.8
101,2024-02-03 02:30:00,5.8
102,2024-02-03 03:00:00,5.8
103,2024-02-03 03:30:00,5.8
104,2024-02-03 04:00:00,5.8
105,2024-02-03 04:30:00,5.8
106,2024-02-03 05:00:00,5.8
107,2024-02-03 05:30:00,5.8
108,2024-02-03 06:00:00,5.8
109,2024-02-03 06:30:00,5.8
110,2024-02-03 07:00:00,5.8
111,2024-02-03 07:30:00,5.8
112,2024-02-03 08:00:00,5.8
113,2024-02-03 08:30:00,5.8
114,2024-02-03 09:00:00,5.8
115,2024-02-03 09:30:00,5.8
116,2024-02-03 10:00:00,5.8
117,2024-02-03 10:30:00,5.8
118,2024-02-03 11:00:00,5.8
119,2024-02-03 11:30:00,5.8
120,2024-02-03 12:00:00,5.8
121,2024-02-03 12:30:00,5.8
122,2024-02-03 13:00:00,5.8
123,2024-02-03 13:30:00,5.8
124,2024-02-03 14:00:00,5.8
125,2024-02-03 14:30:00,5.8
126,2024-02-03 15:00:00,5.8
127,2024-02-03 15:30:00,5.8
128,2024-02-03 16:00:00,5.8
129,2024-02-03 16:30:00,5.8
130,2024-02-03 17:00:00,5.8
131,2024-02-03 17:30:00,5.8
132,2024-02-03 18:00:00,5.8
133,2024-02-03 18:30:00,5.8
134,2024-02-03 19:00:00,5.8
135,2024-02-03 19:30:00,5.8
136,2024-02-03 20:00:00,5.8
137,2024-02-03 20:30:00,5.8
138,2024-02-03 21:00:00,5.8
139,2024-02-03 21:30:00,5.8
140,2024-02-03 22:00:00,5.8
141,2024-02-03 22:30:00,5.8
142,2024-02-03 23:00:00,5.8
143,2024-02-03 23:30:00,5.8
144,2024-02-04 00:00:00,7.4
145,2024-02-04 00:30:00,7.4
146,2024-02-04 01:00:00,7.4
147,2024-02-04 01:30:00,7.4
148,2024-02-04 02:00:00,7.4
149,2024-02-04 02:30:00,7.4
150,2024-02-04 03:00:00,7.4
151,2024-02-04 03:30:00,7.4
152,2024-02-04 04:00:00,7.4
153,2024-02-04 04:30:00,7.4
154,2024-02-04 05:00:00,7.4
155,2024-02-04 05:30:00,7.4
156,2024-02-04 06:00:00,7.4
157,2024-02-04 06:30:00,7.4
158,2024-02-04 07:00:00,7.4
159,2024-02-04 07:30:00,7.4
160,2024-02-04 08:00:00,7.4
161,2024-02-04 08:30:00,7.4
162,2024-02-04 09:00:00,7.4
163,2024-02-04 09:30:00,7.4
164,2024-02-04 10:00:00,7.4
165,2024-02-04 10:30:00,7.4
166,2024-02-04 11:00:00,7.4
167,2024-02-04 11:30:00,7.4
168,2024-02-04 12:00:00,7.4
169,2024-02-04 12:30:00,7.4
170,2024-02-04 13:00:00,7.4
171,2024-02-04 13:30:00,7.4
172,2024-02-04 14:00:00,7.4
173,2024-02-04 14:30:00,7.4
174,2024-02-04 15:00:00,7.4
175,2024-02-04 15:30:00,7.4
176,2024-02-04 16:00:00,7.4
177,2024-02-04 16:30:00,7.4
178,2024-02-04 17:00:00,7.4
179,2024-02-04 17:30:00,7.4
180,2024-02-04 18:00:00,7.4
181,2024-02-04 18:30:00,7.4
182,2024-02-04 19:00:00,7.4
183,2024-02-04 19:30:00,7.4
184,2024-02-04 20:00:00,7.4
185,2024-02-04 20:30:00,7.4
186,2024-02-04 21:00:00,7.4
187,2024-02-04 21:30:00,7.4
188,2024-02-04 22:00:00,7.4
189,2024-02-04 22:30:00,7.4
190,2024-02-04 23:00:00,7.4
191,2024-02-04 23:30:00,7.4
192,2024-02-05 00:00:00,9.9
193,2024-02-05 00:30:00,9.9
194,2024-02-05 01:00:00,9.9
195,2024-02-05 01:30:00,9.9
196,2024-02-05 02:00:00,9.9
197,2024-02-05 02:30:00,9.9
198,2024-02-05 03:00:00,9.9
199,2024-02-05 03:30:00,9.9
200,2024-02-05 04:00:00,9.9
201,2024-02-05 04:30:00,9.9
202,2024-02-05 05:00:00,9.9
203,2024-02-05 05:30:00,9.9
204,2024-02-05 06:00:00,9.9
205,2024-02-05 06:30:00,9.9
206,2024-02-05 07:00:00,9.9
207,2024-02-05 07:30:00,9.9
208,2024-02-05 08:00:00,9.9
209,2024-02-05 08:30:00,9.9
210,2024-02-05 09:00:00,9.9
211,2024-02-05 09:30:00,9.9
212,2024-02-05 10:00:00,9.9
213,2024-02-05 10:30:00,9.9
214,2024-02-05 11:00:00,9.9
215,2024-02-05 11:30:00,9.9
216,2024-02-05 12:00:00,9.9
217,2024-02-05 12:30:00,9.9
218,2024-02-05 13:00:00,9.9
219,2024-02-05 13:30:00,9.9
220,2024-02-05 14:00:00,9.9
221,2024-02-05 14:30:00,9.9
222,2024-02-05 15:00:00,9.9
223,2024-02-05 15:30:00,9.9
224,2024-02-05 16:00:00,9.9
225,2024-02-05 16:30:00,9.9
226,2024-02-05 17:00:00,9.9
227,2024-02-05 17:30:00,9.9
228,2024-02-05 18:00:00,9.9
229,2024-02-05 18:30:00,9.9
230,2024-02-05 19:00:00,9.9
231,2024-02-05 19:30:00,9.9
232,2024-02-05 20:00:00,9.9
233,2024-02-05 20:30:00,9.9
234,2024-02-05 21:00:00,9.9
235,2024-02-05 21:30:00,9.9
236,2024-02-05 22:00:00,9.9
237,2024-02-05 22:30:00,9.9
238,2024-02-05 23:00:00,9.9
239,2024-02-05 23:30:00,9.9
240,2024-02-06 00:00:00,8.1
241,2024-02-06 00:30:00,8.1
242,2024-02-06 01:00:00,8.1
243,2024-02-06 01:30:00,8.1
244,2024-02-06 02:00:00,8.1
245,2024-02-06 02:30:00,8.1
246,2024-02-06 03:00:00,8.1
247,2024-02-06 03:30:00,8.1
248,2024-02-06 04:00:00,8.1
249,2024-02-06 04:30:00,8.1
250,2024-02-06 05:00:00,8.1
251,2024-02-06 05:30:00,8.1
252,2024-02-06 06:00:00,8.1
253,2024-02-06 06:30:00,8.1
254,2024-02-06 07:00:00,8.1
255,2024-02-06 07:30:00,8.1
256,2024-02-06 08:00:00,8.1
257,2024-02-06 08:30:00,8.1
258,2024-02-06 09:00:00,8.1
259,2024-02-06 09:30:00,8.1
260,2024-02-06 10:00:00,8.1
261,2024-02-06 10:30:00,8.1
262,2024-02-06 11:00:00,8.1
263,2024-02-06 11:30:00,8.1
264,2024-02-06 12:00:00,8.1
265,2024-02-06 12:30:00,8.1
266,2024-02-06 13:00:00,8.1
267,2024-02-06 13:30:00,8.1
268,2024-02-06 14:00:00,8.1
269,2024-02-06 14:30:00,8.1
270,2024-02-06 15:00:00,8.1
271,2024-02-06 15:30:00,8.1
272,2024-02-06 16:00:00,8.1
273,2024-02-06 16:30:00,8.1
274,2024-02-06 17:00:00,8.1
275,2024-02-06 17:30:00,8.1
276,2024-02-06 18:00:00,8.1
277,2024-02-06 18:30:00,8.1
278,2024-02-06 19:00:00,8.1
279,2024-02-06 19:30:00,8.1
280,2024-02-06 20:00:00,8.1
281,2024-02-06 20:30:00,8.1
282,2024-02-06 21:00:00,8.1
283,2024-02-06 21:30:00,8.1
284,2024-02-06 22:00:00,8.1
285,2024-02-06 22:30:00,8.1
286,2024-02-06 23:00:00,8.1
287,2024-02-06 23:30:00,8.1
288,2024-02-07 00:00:00,1.3
289,2024-02-07 00:30:00,1.3
290,2024-02-07 01:00:00,1.3
291,2024-02-07 01:30:00,1.3
292,2024-02-07 02:00:00,1.3
293,2024-02-07 02:30:00,1.3
294,2024-02-07 03:00:00,1.3
295,2024-02-07 03:30:00,1.3
296,2024-02-07 04:00:00,1.3
297,2024-02-07 04:30:00,1.3
298,2024-02-07 05:00:00,1.3
299,2024-02-07 05:30:00,1.3
300,2024-02-07 06:00:00,1.3
301,2024-02-07 06:30:00,1.3
302,2024-02-07 07:00:00,1.3
303,2024-02-07 07:30:00,1.3
304,2024-02-07 08:00:00,1.3
305,2024-02-07 08:30:00,1.3
306,2024-02-07 09:00:00,1.3
307,2024-02-07 09:30:00,1.3
308,2024-02-07 10:00:00,1.3
309,2024-02-07 10:30:00,1.3
310,2024-02-07 11:00:00,1.3
311,2024-02-07 11:30:00,1.3
312,2024-02-07 12:00:00,1.3
313,2024-02-07 12:30:00,1.3
314,2024-02-07 13:00:00,1.3
315,2024-02-07 13:30:00,1.3
316,2024-02-07 14:00:00,1.3
317,2024-02-07 14:30:00,1.3
318,2024-02-07 15:00:00,1.3
319,2024-02-07 15:30:00,1.3
320,2024-02-07 16:00:00,1.3
321,2024-02-07 16:30:00,1.3
322,2024-02-07 17:00:00,1.3
323,2024-02-07 17:30:00,1.3
324,2024-02-07 18:00:00,1.3
325,2024-02-07 18:30:00,1.3
326,2024-02-07 19:00:00,1.3
327,2024-02-07 19:30:00,1.3
328,2024-02-07 20:00:00,1.3
329,2024-02-07 20:30:00,1.3
330,2024-02-07 21:00:00,1.3
331,2024-02-07 21:30:00,1.3
332,2024-02-07 22:00:00,1.3
333,2024-02-07 22:30:00,1.3
334,2024-02-07 23:00:00,1.3
335,2024-02-07 23:30:00,1.3
336,2024-02-08 00:00:00,5.1
337,2024-02-08 00:30:00,5.1
338,2024-02-08 01:00:00,5.1
339,2024-02-08 01:30:00,5.1
340,2024-02-08 02:00:00,5.1
341,2024-02-08 02:30:00,5.1
342,2024-02-08 03:00:00,5.1
343,2024-02-08 03:30:00,5.1
344,2024-02-08 04:00:00,5.1
345,2024-02-08 04:30:00,5.1
346,2024-02-08 05:00:00,5.1
347,2024-02-08 05:30:00,5.1
348,2024-02-08 06:00:00,5.1
349,2024-02-08 06:30:00,5.1
350,2024-02-08 07:00:00,5.1
351,2024-02-08 07:30:00,5.1
352,2024-02-08 08:00:00,5.1
353,2024-02-08 08:30:00,5.1
354,2024-02-08 09:00:00,5.1
355,2024-02-08 09:30:00,5.1
356,2024-02-08 10:00:00,5.1
357,2024-02-08 10:30:00,5.1
358,2024-02-08 11:00:00,5.1
359,2024-02-08 11:30:00,5.1
360,2024-02-08 12:00:00,5.1
361,2024-02-08 12:30:00,5.1
362,2024-02-08 13:00:00,5.1
363,2024-02-08 13:30:00,5.1
364,2024-02-08 14:00:00,5.1
365,2024-02-08 14:30:00,5.1
366,2024-02-08 15:00:00,5.1
367,2024-02-08 15:30:00,5.1
368,2024-02-08 16:00:00,5.1
369,2024-02-08 16:30:00,5.1
370,2024-02-08 17:00:00,5.1
371,2024-02-08 17:30:00,5.1
372,2024-02-08 18:00:00,5.1
373,2024-02-08 18:30:00,5.1
374,2024-02-08 19:00:00,5.1
375,2024-02-08 19:30:00,5.1
376,2024-02-08 20:00:00,5.1
377,2024-02-08 20:30:00,5.1
378,2024-02-08 21:00:00,5.1
379,2024-02-08 21:30:00,5.1
380,2024-02-08 22:00:00,5.1
381,2024-02-08 22:30:00,5.1
382,2024-02-08 23:00:00,5.1
383,2024-02-08 23:30:00,5.1
384,2024-02-09 00:00:00,3.7
385,2024-02-09 00:30:00,3.7
386,2024-02-09 01:00:00,3.7
387,2024-02-09 01:30:00,3.7
388,2024-02-09 02:00:00,3.7
389,2024-02-09 02:30:00,3.7
390,2024-02-09 03:00:00,3.7
391,2024-02-09 03:30:00,3.7
392,2024-02-09 04:00:00,3.7
393,2024-02-09 04:30:00,3.7
394,2024-02-09 05:00:00,3.7
395,2024-02-09 05:30:00,3.7
396,2024-02-09 06:00:00,3.7
397,2024-02-09 06:30:00,3.7
398,2024-02-09 07:00:00,3.7
399,2024-02-09 07:30:00,3.7
400,2024-02-09 08:00:00,3.7
401,2024-02-09 08:30:00,3.7
402,2024-02-09 09:00:00,3.7
403,2024-02-09 09:30:00,3.7
404,2024-02-09 10:00:00,3.7
405,2024-02-09 10:30:00,3.7
406,2024-02-09 11:00:00,3.7
407,2024-02-09 11:30:00,3.7
408,2024-02-09 12:00:00,3.7
409,2024-02-09 12:30:00,3.7
410,2024-02-09 13:00:00,3.7
411,2024-02-09 13:30:00,3.7
412,2024-02-09 14:00:00,3.7
413,2024-02-09 14:30:00,3.7
414,2024-02-09 15:00:00,3.7
415,2024-02-09 15:30:00,3.7
416,2024-02-09 16:00:00,3.7
417,2024-02-09 16:30:00,3.7
418,2024-02-09 17:00:00,3.7
419,2024-02-09 17:30:00,3.7
420,2024-02-09 18:00:00,3.7
421,2024-02-09 18:30:00,3.7
422,2024-02-09 19:00:00,3.7
423,2024-02-09 19:30:00,3.7
424,2024-02-09 20:00:00,3.7
425,2024-02-09 20:30:00,3.7
426,2024-02-09 21:00:00,3.7
427,2024-02-09 21:30:00,3.7
428,2024-02-09 22:00:00,3.7
429,2024-02-09 22:30:00,3.7
430,2024-02-09 23:00:00,3.7
431,2024-02-09 23:30:00,3.7
432,2024-02-10 00:00:00,2.2
433,2024-02-10 00:30:00,2.2
434,2024-02-10 01:00:00,2.2
435,2024-02-10 01:30:00,2.2
436,2024-02-10 02:00:00,2.2
437,2024-02-10 02:30:00,2.2
438,2024-02-10 03:00:00,2.2
439,2024-02-10 03:30:00,2.2
440,2024-02-10 04:00:00,2.2
441,2024-02-10 04:30:00,2.2
442,2024-02-10 05:00:00,2.2
443,2024-02-10 05:30:00,2.2
444,2024-02-10 06:00:00,2.2
445,2024-02-10 06:30:00,2.2
446,2024-02-10 07:00:00,2.2
447,2024-02-10 07:30:00,2.2
448,2024-02-10 08:00:00,2.2
449,2024-02-10 08:30:00,2.2
450,2024-02-10 09:00:00,2.2
451,2024-02-10 09:30:00,2.2
452,2024-02-10 10:00:00,2.2
453,2024-02-10 10:30:00,2.2
454,2024-02-10 11:00:00,2.2
455,2024-02-10 11:30:00,2.2
456,2024-02-10 12:00:00,2.2
457,2024-02-10 12:30:00,2.2
458,2024-02-10 13:00:00,2.2
459,2024-02-10 13:30:00,2.2
460,2024-02-10 14:00:00,2.2
461,2024-02-10 14:30:00,2.2
462,2024-02-10 15:00:00,2.2
463,2024-02-10 15:30:00,2.2
464,2024-02-10 16:00:00,2.2
465,2024-02-10 16:30:00,2.2
466,2024-02-10 17:00:00,2.2
467,2024-02-10 17:30:00,2.2
468,2024-02-10 18:00:00,2.2
469,2024-02-10 18:30:00,2.2
470,2024-02-10 19:00:00,2.2
471,2024-02-10 19:30:00,2.2
472,2024-02-10 20:00:00,2.2
473,2024-02-10 20:30:00,2.2
474,2024-02-10 21:00:00,2.2
475,2024-02-10 21:30:00,2.2
476,2024-02-10 22:00:00,2.2
477,2024-02-10 22:30:00,2.2
478,2024-02-10 23:00:00,2.2
479,2024-02-10 23:30:00,2.2
480,2024-02-11 00:00:00,3.8
481,2024-02-11 00:30:00,3.8
482,2024-02-11 01:00:00,3.8
483,2024-02-11 01:30:00,3.8
484,2024-02-11 02:00:00,3.8
485,2024-02-11 02:30:00,3.8
486,2024-02-11 03:00:00,3.8
487,2024-02-11 03:30:00,3.8
488,2024-02-11 04:00:00,3.8
489,2024-02-11 04:30:00,3.8
490,2024-02-11 05:00:00,3.8
491,2024-02-11 05:30:00,3.8
492,2024-02-11 06:00:00,3.8
493,2024-02-11 06:30:00,3.8
494,2024-02-11 07:00:00,3.8
495,2024-02-11 07:30:00,3.8
496,2024-02-11 08:00:00,3.8
497,2024-02-11 08:30:00,3.8
498,2024-02-11 09:00:00,3.8
499,2024-02-11 09:30:00,3.8
500,2024-02-11 10:00:00,3.8
501,2024-02-11 10:30:00,3.8
502,2024-02-11 11:00:00,3.8
503,2024-02-11 11:30:00,3.8
504,2024-02-11 12:00:00,3.8
505,2024-02-11 12:30:00,3.8
506,2024-02-11 13:00:00,3.8
507,2024-02-11 13:30:00,3.8
508,2024-02-11 14:00:00,3.8
509,2024-02-11 14:30:00,3.8
510,2024-02-11 15:00:00,3.8
511,2024-02-11 15:30:00,3.8
512,2024-02-11 16:00:00,3.8
513,2024-02-11 16:30:00,3.8
514,2024-02-11 17:00:00,3.8
515,2024-02-11 17:30:00,3.8
516,2024-02-11 18:00:00,3.8
517,2024-02-11 18:30:00,3.8
518,2024-02-11 19:00:00,3.8
519,2024-02-11 19:30:00,3.8
520,2024-02-11 20:00:00,3.8
521,2024-02-11 20:30:00,3.8
522,2024-02-11 21:00:00,3.8
523,2024-02-11 21:30:00,3.8
524,2024-02-11 22:00:00,3.8
525,2024-02-11 22:30:00,3.8
526,2024-02-11 23:00:00,3.8
527,2024-02-11 23:30:00,3.8
528,2024-02-12 00:00:00,5.9
529,2024-02-12 00:30:00,5.9
530,2024-02-12 01:00:00,5.9
531,2024-02-12 01:30:00,5.9
532,2024-02-12 02:00:00,5.9
533,2024-02-12 02:30:00,5.9
534,2024-02-12 03:00:00,5.9
535,2024-02-12 03:30:00,5.9
536,2024-02-12 04:00:00,5.9
537,2024-02-12 04:30:00,5.9
538,2024-02-12 05:00:00,5.9
539,2024-02-12 05:30:00,5.9
540,2024-02-12 06:00:00,5.9
541,2024-02-12 06:30:00,5.9
542,2024-02-12 07:00:00,5.9
543,2024-02-12 07:30:00,5.9
544,2024-02-12 08:00:00,5.9
545,2024-02-12 08:30:00,5.9
546,2024-02-12 09:00:00,5.9
547,2024-02-12 09:30:00,5.9
548,2024-02-12 10:00:00,5.9
549,2024-02-12 10:30:00,5.9
550,2024-02-12 11:00:00,5.9
551,2024-02-12 11:30:00,5.9
552,2024-02-12 12:00:00,5.9
553,2024-02-12 12:30:00,5.9
554,2024-02-12 13:00:00,5.9
555,2024-02-12 13:30:00,5.9
556,2024-02-12 14:00:00,5.9
557,2024-02-12 14:30:00,5.9
558,2024-02-12 15:00:00,5.9
559,2024-02-12 15:30:00,5.9
560,2024-02-12 16:00:00,5.9
561,2024-02-12 16:30:00,5.9
562,2024-02-12 17:00:00,5.9
563,2024-02-12 17:30:00,5.9
564,2024-02-12 18:00:00,5.9
565,2024-02-12 18:30:00,5.9
566,2024-02-12 19:00:00,5.9
567,2024-02-12 19:30:00,5.9
568,2024-02-12 20:00:00,5.9
569,2024-02-12 20:30:00,5.9
570,2024-02-12 21:00:00,5.9
571,2024-02-12 21:30:00,5.9
572,2024-02-12 22:00:00,5.9
573,2024-02-12 22:30:00,5.9
574,2024-02-12 23:00:00,5.9
575,2024-02-12 23:30:00,5.9
576,2024-02-13 00:00:00,4.9
577,2024-02-13 00:30:00,4.9
578,2024-02-13 01:00:00,4.9
579,2024-02-13 01:30:00,4.9
580,2024-02-13 02:00:00,4.9
581,2024-02-13 02:30:00,4.9
582,2024-02-13 03:00:00,4.9
583,2024-02-13 03:30:00,4.9
584,2024-02-13 04:00:00,4.9
585,2024-02-13 04:30:00,4.9
586,2024-02-13 05:00:00,4.9
587,2024-02-13 05:30:00,4.9
588,2024-02-13 06:00:00,4.9
589,2024-02-13 06:30:00,4.9
590,2024-02-13 07:00:00,4.9
591,2024-02-13 07:30:00,4.9
592,2024-02-13 08:00:00,4.9
593,2024-02-13 08:30:00,4.9
594,2024-02-13 09:00:00,4.9
595,2024-02-13 09:30:00,4.9
596,2024-02-13 10:00:00,4.9
597,2024-02-13 10:30:00,4.9
598,2024-02-13 11:00:00,4.9
599,2024-02-13 11:30:00,4.9
600,2024-02-13 12:00:00,4.9
601,2024-02-13 12:30:00,4.9
602,2024-02-13 13:00:00,4.9
603,2024-02-13 13:30:00,4.9
604,2024-02-13 14:00:00,4.9
605,2024-02-13 14:30:00,4.9
606,2024-02-13 15:00:00,4.9
607,2024-02-13 15:30:00,4.9
608,2024-02-13 16:00:00,4.9
609,2024-02-13 16:30:00,4.9
610,2024-02-13 17:00:00,4.9
611,2024-02-13 17:30:00,4.9
612,2024-02-13 18:00:00,4.9
613,2024-02-13 18:30:00,4.9
614,2024-02-13 19:00:00,4.9
615,2024-02-13 19:30:00,4.9
616,2024-02-13 20:00:00,4.9
617,2024-02-13 20:30:00,4.9
618,2024-02-13 21:00:00,4.9
619,2024-02-13 21:30:00,4.9
620,2024-02-13 22:00:00,4.9
621,2024-02-13 22:30:00,4.9
622,2024-02-13 23:00:00,4.9
623,2024-02-13 23:30:00,4.9
624,2024-02-14 00:00:00,6.2
625,2024-02-14 00:30:00,6.2
626,2024-02-14 01:00:00,6.2
627,2024-02-14 01:30:00,6.2
628,2024-02-14 02:00:00,6.2
629,2024-02-14 02:30:00,6.2
630,2024-02-14 03:00:00,6.2
631,2024-02-14 03:30:00,6.2
632,2024-02-14 04:00:00,6.2
633,2024-02-14 04:30:00,6.2
634,2024-02-14 05:00:00,6.2
635,2024-02-14 05:30:00,6.2
636,2024-02-14 06:00:00,6.2
637,2024-02-14 06:30:00,6.2
638,2024-02-14 07:00:00,6.2
639,2024-02-14 07:30:00,6.2
640,2024-02-14 08:00:00,6.2
641,2024-02-14 08:30:00,6.2
642,2024-02-14 09:00:00,6.2
643,2024-02-14 09:30:00,6.2
644,2024-02-14 10:00:00,6.2
645,2024-02-14 10:30:00,6.2
646,2024-02-14 11:00:00,6.2
647,2024-02-14 11:30:00,6.2
648,2024-02-14 12:00:00,6.2
649,2024-02-14 12:30:00,6.2
650,2024-02-14 13:00:00,6.2
651,2024-02-14 13:30:00,6.2
652,2024-02-14 14:00:00,6.2
653,2024-02-14 14:30:00,6.2
654,2024-02-14 15:00:00,6.2
655,2024-02-14 15:30:00,6.2
656,2024-02-14 16:00:00,6.2
657,2024-02-14 16:30:00,6.2
658,2024-02-14 17:00:00,6.2
659,2024-02-14 17:30:00,6.2
660,2024-02-14 18:00:00,6.2
661,2024-02-14 18:30:00,6.2
662,2024-02-14 19:00:00,6.2
663,2024-02-14 19:30:00,6.2
664,2024-02-14 20:00:00,6.2
665,2024-02-14 20:30:00,6.2
666,2024-02-14 21:00:00,6.2
667,2024-02-14 21:30:00,6.2
668,2024-02-14 22:00:00,6.2
669,2024-02-14 22:30:00,6.2
670,2024-02-14 23:00:00,6.2
671,2024-02-14 23:30:00,6.2
672,2024-02-15 00:00:00,5.5
673,2024-02-15 00:30:00,5.5
674,2024-02-15 01:00:00,5.5
675,2024-02-15 01:30:00,5.5
676,2024-02-15 02:00:00,5.5
677,2024-02-15 02:30:00,5.5
678,2024-02-15 03:00:00,5.5
679,2024-02-15 03:30:00,5.5
680,2024-02-15 04:00:00,5.5
681,2024-02-15 04:30:00,5.5
682,2024-02-15 05:00:00,5.5
683,2024-02-15 05:30:00,5.5
684,2024-02-15 06:00:00,5.5
685,2024-02-15 06:30:00,5.5
686,2024-02-15 07:00:00,5.5
687,2024-02-15 07:30:00,5.5
688,2024-02-15 08:00:00,5.5
689,2024-02-15 08:30:00,5.5
690,2024-02-15 09:00:00,5.5
691,2024-02-15 09:30:00,5.5
692,2024-02-15 10:00:00,5.5
693,2024-02-15 10:30:00,5.5
694,2024-02-15 11:00:00,5.5
695,2024-02-15 11:30:00,5.5
696,2024-02-15 12:00:00,5.5
697,2024-02-15 12:30:00,5.5
698,2024-02-15 13:00:00,5.5
699,2024-02-15 13:30:00,5.5
700,2024-02-15 14:00:00,5.5
701,2024-02-15 14:30:00,5.5
702,2024-02-15 15:00:00,5.5
703,2024-02-15 15:30:00,5.5
704,2024-02-15 16:00:00,5.5
705,2024-02-15 16:30:00,5.5
706,2024-02-15 17:00:00,5.5
707,2024-02-15 17:30:00,5.5
708,2024-02-15 18:00:00,5.5
709,2024-02-15 18:30:00,5.5
710,2024-02-15 19:00:00,5.5
711,2024-02-15 19:30:00,5.5
712,2024-02-15 20:00:00,5.5
713,2024-02-15 20:30:00,5.5
714,2024-02-15 21:00:00,5.5
715,2024-02-15 21:30:00,5.5
716,2024-02-15 22:00:00,5.5
717,2024-02-15 22:30:00,5.5
718,2024-02-15 23:00:00,5.5
719,2024-02-15 23:30:00,5.5
720,2024-02-16 00:00:00,5.7
721,2024-02-16 00:30:00,5.7
722,2024-02-16 01:00:00,5.7
723,2024-02-16 01:30:00,5.7
724,2024-02-16 02:00:00,5.7
725,2024-02-16 02:30:00,5.7
726,2024-02-16 03:00:00,5.7
727,2024-02-16 03:30:00,5.7
728,2024-02-16 04:00:00,5.7
729,2024-02-16 04:30:00,5.7
730,2024-02-16 05:00:00,5.7
731,2024-02-16 05:30:00,5.7
732,2024-02-16 06:00:00,5.7
733,2024-02-16 06:30:00,5.7
734,2024-02-16 07:00:00,5.7
735,2024-02-16 07:30:00,5.7
736,2024-02-16 08:00:00,5.7
737,2024-02-16 08:30:00,5.7
738,2024-02-16 09:00:00,5.7
739,2024-02-16 09:30:00,5.7
740,2024-02-16 10:00:00,5.7
741,2024-02-16 10:30:00,5.7
742,2024-02-16 11:00:00,5.7
743,2024-02-16 11:30:00,5.7
744,2024-02-16 12:00:00,5.7
745,2024-02-16 12:30:00,5.7
746,2024-02-16 13:00:00,5.7
747,2024-02-16 13:30:00,5.7
748,2024-02-16 14:00:00,5.7
749,2024-02-16 14:30:00,5.7
750,2024-02-16 15:00:00,5.7
751,2024-02-16 15:30:00,5.7
752,2024-02-16 16:00:00,5.7
753,2024-02-16 16:30:00,5.7
754,2024-02-16 17:00:00,5.7
755,2024-02-16 17:30:00,5.7
756,2024-02-16 18:00:00,5.7
757,2024-02-16 18:30:00,5.7
758,2024-02-16 19:00:00,5.7
759,2024-02-16 19:30:00,5.7
760,2024-02-16 20:00:00,5.7
761,2024-02-16 20:30:00,5.7
762,2024-02-16 21:00:00,5.7
763,2024-02-16 21:30:00,5.7
764,2024-02-16 22:00:00,5.7
765,2024-02-16 22:30:00,5.7
766,2024-02-16 23:00:00,5.7
767,2024-02-16 23:30:00,5.7
768,2024-02-17 00:00:00,5.1
769,2024-02-17 00:30:00,5.1
770,2024-02-17 01:00:00,5.1
771,2024-02-17 01:30:00,5.1
772,2024-02-17 02:00:00,5.1
773,2024-02-17 02:30:00,5.1
774,2024-02-17 03:00:00,5.1
775,2024-02-17 03:30:00,5.1
776,2024-02-17 04:00:00,5.1
777,2024-02-17 04:30:00,5.1
778,2024-02-17 05:00:00,5.1
779,2024-02-17 05:30:00,5.1
780,2024-02-17 06:00:00,5.1
781,2024-02-17 06:30:00,5.1
782,2024-02-17 07:00:00,5.1
783,2024-02-17 07:30:00,5.1
784,2024-02-17 08:00:00,5.1
785,2024-02-17 08:30:00,5.1
786,2024-02-17 09:00:00,5.1
787,2024-02-17 09:30:00,5.1
788,2024-02-17 10:00:00,5.1
789,2024-02-17 10:30:00,5.1
790,2024-02-17 11:00:00,5.1
791,2024-02-17 11:30:00,5.1
792,2024-02-17 12:00:00,5.1
793,2024-02-17 12:30:00,5.1
794,2024-02-17 13:00:00,5.1
795,2024-02-17 13:30:00,5.1
796,2024-02-17 14:00:00,5.1
797,2024-02-17 14:30:00,5.1
798,2024-02-17 15:00:00,5.1
799,2024-02-17 15:30:00,5.1
800,2024-02-17 16:00:00,5.1
801,2024-02-17 16:30:00,5.1
802,2024-02-17 17:00:00,5.1
803,2024-02-17 17:30:00,5.1
804,2024-02-17 18:00:00,5.1
805,2024-02-17 18:30:00,5.1
806,2024-02-17 19:00:00,5.1
807,2024-02-17 19:30:00,5.1
808,2024-02-17 20:00:00,5.1
809,2024-02-17 20:30:00,5.1
810,2024-02-17 21:00:00,5.1
811,2024-02-17 21:30:00,5.1
812,2024-02-17 22:00:00,5.1
813,2024-02-17 22:30:00,5.1
814,2024-02-17 23:00:00,5.1
815,2024-02-17 23:30:00,5.1
816,2024-02-18 00:00:00,5.5
817,2024-02-18 00:30:00,5.5
818,2024-02-18 01:00:00,5.5
819,2024-02-18 01:30:00,5.5
820,2024-02-18 02:00:00,5.5
821,2024-02-18 02:30:00,5.5
822,2024-02-18 03:00:00,5.5
823,2024-02-18 03:30:00,5.5
824,2024-02-18 04:00:00,5.5
825,2024-02-18 04:30:00,5.5
826,2024-02-18 05:00:00,5.5
827,2024-02-18 05:30:00,5.5
828,2024-02-18 06:00:00,5.5
829,2024-02-18 06:30:00,5.5
830,2024-02-18 07:00:00,5.5
831,2024-02-18 07:30:00,5.5
832,2024-02-18 08:00:00,5.5
833,2024-02-18 08:30:00,5.5
834,2024-02-18 09:00:00,5.5
835,2024-02-18 09:30:00,5.5
836,2024-02-18 10:00:00,5.5
837,2024-02-18 10:30:00,5.5
838,2024-02-18 11:00:00,5.5
839,2024-02-18 11:30:00,5.5
840,2024-02-18 12:00:00,5.5
841,2024-02-18 12:30:00,5.5
842,2024-02-18 13:00:00,5.5
843,2024-02-18 13:30:00,5.5
844,2024-02-18 14:00:00,5.5
845,2024-02-18 14:30:00,5.5
846,2024-02-18 15:00:00,5.5
847,2024-02-18 15:30:00,5.5
848,2024-02-18 16:00:00,5.5
849,2024-02-18 16:30:00,5.5
850,2024-02-18 17:00:00,5.5
851,2024-02-18 17:30:00,5.5
852,2024-02-18 18:00:00,5.5
853,2024-02-18 18:30:00,5.5
854,2024-02-18 19:00:00,5.5
855,2024-02-18 19:30:00,5.5
856,2024-02-18 20:00:00,5.5
857,2024-02-18 20:30:00,5.5
858,2024-02-18 21:00:00,5.5
859,2024-02-18 21:30:00,5.5
860,2024-02-18 22:00:00,5.5
861,2024-02-18 22:30:00,5.5
862,2024-02-18 23:00:00,5.5
863,2024-02-18 23:30:00,5.5
864,2024-02-19 00:00:00,5.8
865,2024-02-19 00:30:00,5.8
866,2024-02-19 01:00:00,5.8
867,2024-02-19 01:30:00,5.8
868,2024-02-19 02:00:00,5.8
869,2024-02-19 02:30:00,5.8
870,2024-02-19 03:00:00,5.8
871,2024-02-19 03:30:00,5.8
872,2024-02-19 04:00:00,5.8
873,2024-02-19 04:30:00,5.8
874,2024-02-19 05:00:00,5.8
875,2024-02-19 05:30:00,5.8
876,2024-02-19 06:00:00,5.8
877,2024-02-19 06:30:00,5.8
878,2024-02-19 07:00:00,5.8
879,2024-02-19 07:30:00,5.8
880,2024-02-19 08:00:00,5.8
881,2024-02-19 08:30:00,5.8
882,2024-02-19 09:00:00,5.8
883,2024-02-19 09:30:00,5.8
884,2024-02-19 10:00:00,5.8
885,2024-02-19 10:30:00,5.8
886,2024-02-19 11:00:00,5.8
887,2024-02-19 11:30:00,5.8
888,2024-02-19 12:00:00,5.8
889,2024-02-19 12:30:00,5.8
890,2024-02-19 13:00:00,5.8
891,2024-02-19 13:30:00,5.8
892,2024-02-19 14:00:00,5.8
893,2024-02-19 14:30:00,5.8
894,2024-02-19 15:00:00,5.8
895,2024-02-19 15:30:00,5.8
896,2024-02-19 16:00:00,5.8
897,2024-02-19 16:30:00,5.8
898,2024-02-19 17:00:00,5.8
899,2024-02-19 17:30:00,5.8
900,2024-02-19 18:00:00,5.8
901,2024-02-19 18:30:00,5.8
902,2024-02-19 19:00:00,5.8
903,2024-02-19 19:30:00,5.8
904,2024-02-19 20:00:00,5.8
905,2024-02-19 20:30:00,5.8
906,2024-02-19 21:00:00,5.8
907,2024-02-19 21:30:00,5.8
908,2024-02-19 22:00:00,5.8
909,2024-02-19 22:30:00,5.8
910,2024-02-19 23:00:00,5.8
911,2024-02-19 23:30:00,5.8
912,2024-02-20 00:00:00,6.8
913,2024-02-20 00:30:00,6.8
914,2024-02-20 01:00:00,6.8
915,2024-02-20 01:30:00,6.8
916,2024-02-20 02:00:00,6.8
917,2024-02-20 02:30:00,6.8
918,2024-02-20 03:00:00,6.8
919,2024-02-20 03:30:00,6.8
920,2024-02-20 04:00:00,6.8
921,2024-02-20 04:30:00,6.8
922,2024-02-20 05:00:00,6.8
923,2024-02-20 05:30:00,6.8
924,2024-02-20 06:00:00,6.8
925,2024-02-20 06:30:00,6.8
926,2024-02-20 07:00:00,6.8
927,2024-02-20 07:30:00,6.8
928,2024-02-20 08:00:00,6.8
929,2024-02-20 08:30:00,6.8
930,2024-02-20 09:00:00,6.8
931,2024-02-20 09:30:00,6.8
932,2024-02-20 10:00:00,6.8
933,2024-02-20 10:30:00,6.8
934,2024-02-20 11:00:00,6.8
935,2024-02-20 11:30:00,6.8
936,2024-02-20 12:00:00,6.8
937,2024-02-20 12:30:00,6.8
938,2024-02-20 13:00:00,6.8
939,2024-02-20 13:30:00,6.8
940,2024-02-20 14:00:00,6.8
941,2024-02-20 14:30:00,6.8
942,2024-02-20 15:00:00,6.8
943,2024-02-20 15:30:00,6.8
944,2024-02-20 16:00:00,6.8
945,2024-02-20 16:30:00,6.8
946,2024-02-20 17:00:00,6.8
947,2024-02-20 17:30:00,6.8
948,2024-02-20 18:00:00,6.8
949,2024-02-20 18:30:00,6.8
950,2024-02-20 19:00:00,6.8
951,2024-02-20 19:30:00,6.8
952,2024-02-20 20:00:00,6.8
953,2024-02-20 20:30:00,6.8
954,2024-02-20 21:00:00,6.8
955,2024-02-20 21:30:00,6.8
956,2024-02-20 22:00:00,6.8
957,2024-02-20 22:30:00,6.8
958,2024-02-20 23:00:00,6.8
959,2024-02-20 23:30:00,6.8
960,2024-02-21 00:00:00,8.1
961,2024-02-21 00:30:00,8.1
962,2024-02-21 01:00:00,8.1
963,2024-02-21 01:30:00,8.1
964,2024-02-21 02:00:00,8.1
965,2024-02-21 02:30:00,8.1
966,2024-02-21 03:00:00,8.1
967,2024-02-21 03:30:00,8.1
968,2024-02-21 04:00:00,8.1
969,2024-02-21 04:30:00,8.1
970,2024-02-21 05:00:00,8.1
971,2024-02-21 05:30:00,8.1
972,2024-02-21 06:00:00,8.1
973,2024-02-21 06:30:00,8.1
974,2024-02-21 07:00:00,8.1
975,2024-02-21 07:30:00,8.1
976,2024-02-21 08:00:00,8.1
977,2024-02-21 08:30:00,8.1
978,2024-02-21 09:00:00,8.1
979,2024-02-21 09:30:00,8.1
980,2024-02-21 10:00:00,8.1
981,2024-02-21 10:30:00,8.1
982,2024-02-21 11:00:00,8.1
983,2024-02-21 11:30:00,8.1
984,2024-02-21 12:00:00,8.1
985,2024-02-21 12:30:00,8.1
986,2024-02-21 13:00:00,8.1
987,2024-02-21 13:30:00,8.1
988,2024-02-21 14:00:00,8.1
989,2024-02-21 14:30:00,8.1
990,2024-02-21 15:00:00,8.1
991,2024-02-21 15:30:00,8.1
992,2024-02-21 16:00:00,8.1
993,2024-02-21 16:30:00,8.1
994,2024-02-21 17:00:00,8.1
995,2024-02-21 17:30:00,8.1
996,2024-02-21 18:00:00,8.1
997,2024-02-21 18:30:00,8.1
998,2024-02-21 19:00:00,8.1
999,2024-02-21 19:30:00,8.1
1000,2024-02-21 20:00:00,8.1
1001,2024-02-21 20:30:00,8.1
1002,2024-02-21 21:00:00,8.1
1003,2024-02-21 21:30:00,8.1
1004,2024-02-21 22:00:00,8.1
1005,2024-02-21 22:30:00,8.1
1006,2024-02-21 23:00:00,8.1
1007,2024-02-21 23:30:00,8.1
1008,2024-02-22 00:00:00,5.9
1009,2024-02-22 00:30:00,5.9
1010,2024-02-22 01:00:00,5.9
1011,2024-02-22 01:30:00,5.9
1012,2024-02-22 02:00:00,5.9
1013,2024-02-22 02:30:00,5.9
1014,2024-02-22 03:00:00,5.9
1015,2024-02-22 03:30:00,5.9
1016,2024-02-22 04:00:00,5.9
1017,2024-02-22 04:30:00,5.9
1018,2024-02-22 05:00:00,5.9
1019,2024-02-22 05:30:00,5.9
1020,2024-02-22 06:00:00,5.9
1021,2024-02-22 06:30:00,5.9
1022,2024-02-22 07:00:00,5.9
1023,2024-02-22 07:30:00,5.9
1024,2024-02-22 08:00:00,5.9
1025,2024-02-22 08:30:00,5.9
1026,2024-02-22 09:00:00,5.9
1027,2024-02-22 09:30:00,5.9
1028,2024-02-22 10:00:00,5.9
1029,2024-02-22 10:30:00,5.9
1030,2024-02-22 11:00:00,5.9
1031,2024-02-22 11:30:00,5.9
1032,2024-02-22 12:00:00,5.9
1033,2024-02-22 12:30:00,5.9
1034,2024-02-22 13:00:00,5.9
1035,2024-02-22 13:30:00,5.9
1036,2024-02-22 14:00:00,5.9
1037,2024-02-22 14:30:00,5.9
1038,2024-02-22 15:00:00,5.9
1039,2024-02-22 15:30:00,5.9
1040,2024-02-22 16:00:00,5.9
1041,2024-02-22 16:30:00,5.9
1042,2024-02-22 17:00:00,5.9
1043,2024-02-22 17:30:00,5.9
1044,2024-02-22 18:00:00,5.9
1045,2024-02-22 18:30:00,5.9
1046,2024-02-22 19:00:00,5.9
1047,2024-02-22 19:30:00,5.9
1048,2024-02-22 20:00:00,5.9
1049,2024-02-22 20:30:00,5.9
1050,2024-02-22 21:00:00,5.9
1051,2024-02-22 21:30:00,5.9
1052,2024-02-22 22:00:00,5.9
1053,2024-02-22 22:30:00,5.9
1054,2024-02-22 23:00:00,5.9
1055,2024-02-22 23:30:00,5.9
1056,2024-02-23 00:00:00,4.9
1057,2024-02-23 00:30:00,4.9
1058,2024-02-23 01:00:00,4.9
1059,2024-02-23 01:30:00,4.9
1060,2024-02-23 02:00:00,4.9
1061,2024-02-23 02:30:00,4.9
1062,2024-02-23 03:00:00,4.9
1063,2024-02-23 03:30:00,4.9
1064,2024-02-23 04:00:00,4.9
1065,2024-02-23 04:30:00,4.9
1066,2024-02-23 05:00:00,4.9
1067,2024-02-23 05:30:00,4.9
1068,2024-02-23 06:00:00,4.9
1069,2024-02-23 06:30:00,4.9
1070,2024-02-23 07:00:00,4.9
1071,2024-02-23 07:30:00,4.9
1072,2024-02-23 08:00:00,4.9
1073,2024-02-23 08:30:00,4.9
1074,2024-02-23 09:00:00,4.9
1075,2024-02-23 09:30:00,4.9
1076,2024-02-23 10:00:00,4.9
1077,2024-02-23 10:30:00,4.9
1078,2024-02-23 11:00:00,4.9
1079,2024-02-23 11:30:00,4.9
1080,2024-02-23 12:00:00,4.9
1081,2024-02-23 12:30:00,4.9
1082,2024-02-23 13:00:00,4.9
1083,2024-02-23 13:30:00,4.9
1084,2024-02-23 14:00:00,4.9
1085,2024-02-23 14:30:00,4.9
1086,2024-02-23 15:00:00,4.9
1087,2024-02-23 15:30:00,4.9
1088,2024-02-23 16:00:00,4.9
1089,2024-02-23 16:30:00,4.9
1090,2024-02-23 17:00:00,4.9
1091,2024-02-23 17:30:00,4.9
1092,2024-02-23 18:00:00,4.9
1093,2024-02-23 18:30:00,4.9
1094,2024-02-23 19:00:00,4.9
1095,2024-02-23 19:30:00,4.9
1096,2024-02-23 20:00:00,4.9
1097,2024-02-23 20:30:00,4.9
1098,2024-02-23 21:00:00,4.9
1099,2024-02-23 21:30:00,4.9
1100,2024-02-23 22:00:00,4.9
1101,2024-02-23 22:30:00,4.9
1102,2024-02-23 23:00:00,4.9
1103,2024-02-23 23:30:00,4.9
1104,2024-02-24 00:00:00,1.8
1105,2024-02-24 00:30:00,1.8
1106,2024-02-24 01:00:00,1.8
1107,2024-02-24 01:30:00,1.8
1108,2024-02-24 02:00:00,1.8
1109,2024-02-24 02:30:00,1.8
1110,2024-02-24 03:00:00,1.8
1111,2024-02-24 03:30:00,1.8
1112,2024-02-24 04:00:00,1.8
1113,2024-02-24 04:30:00,1.8
1114,2024-02-24 05:00:00,1.8
1115,2024-02-24 05:30:00,1.8
1116,2024-02-24 06:00:00,1.8
1117,2024-02-24 06:30:00,1.8
1118,2024-02-24 07:00:00,1.8
1119,2024-02-24 07:30:00,1.8
1120,2024-02-24 08:00:00,1.8
1121,2024-02-24 08:30:00,1.8
1122,2024-02-24 09:00:00,1.8
1123,2024-02-24 09:30:00,1.8
1124,2024-02-24 10:00:00,1.8
1125,2024-02-24 10:30:00,1.8
1126,2024-02-24 11:00:00,1.8
1127,2024-02-24 11:30:00,1.8
1128,2024-02-24 12:00:00,1.8
1129,2024-02-24 12:30:00,1.8
1130,2024-02-24 13:00:00,1.8
1131,2024-02-24 13:30:00,1.8
1132,2024-02-24 14:00:00,1.8
1133,2024-02-24 14:30:00,1.8
1134,2024-02-24 15:00:00,1.8
1135,2024-02-24 15:30:00,1.8
1136,2024-02-24 16:00:00,1.8
1137,2024-02-24 16:30:00,1.8
1138,2024-02-24 17:00:00,1.8
1139,2024-02-24 17:30:00,1.8
1140,2024-02-24 18:00:00,1.8
1141,2024-02-24 18:30:00,1.8
1142,2024-02-24 19:00:00,1.8
1143,2024-02-24 19:30:00,1.8
1144,2024-02-24 20:00:00,1.8
1145,2024-02-24 20:30:00,1.8
1146,2024-02-24 21:00:00,1.8
1147,2024-02-24 21:30:00,1.8
1148,2024-02-24 22:00:00,1.8
1149,2024-02-24 22:30:00,1.8
1150,2024-02-24 23:00:00,1.8
1151,2024-02-24 23:30:00,1.8
1152,2024-02-25 00:00:00,4.8
1153,2024-02-25 00:30:00,4.8
1154,2024-02-25 01:00:00,4.8
1155,2024-02-25 01:30:00,4.8
1156,2024-02-25 02:00:00,4.8
1157,2024-02-25 02:30:00,4.8
1158,2024-02-25 03:00:00,4.8
1159,2024-02-25 03:30:00,4.8
1160,2024-02-25 04:00:00,4.8
1161,2024-02-25 04:30:00,4.8
1162,2024-02-25 05:00:00,4.8
1163,2024-02-25 05:30:00,4.8
1164,2024-02-25 06:00:00,4.8
1165,2024-02-25 06:30:00,4.8
1166,2024-02-25 07:00:00,4.8
1167,2024-02-25 07:30:00,4.8
1168,2024-02-25 08:00:00,4.8
1169,2024-02-25 08:30:00,4.8
1170,2024-02-25 09:00:00,4.8
1171,2024-02-25 09:30:00,4.8
1172,2024-02-25 10:00:00,4.8
1173,2024-02-25 10:30:00,4.8
1174,2024-02-25 11:00:00,4.8
1175,2024-02-25 11:30:00,4.8
1176,2024-02-25 12:00:00,4.8
1177,2024-02-25 12:30:00,4.8
1178,2024-02-25 13:00:00,4.8
1179,2024-02-25 13:30:00,4.8
1180,2024-02-25 14:00:00,4.8
1181,2024-02-25 14:30:00,4.8
1182,2024-02-25 15:00:00,4.8
1183,2024-02-25 15:30:00,4.8
1184,2024-02-25 16:00:00,4.8
1185,2024-02-25 16:30:00,4.8
1186,2024-02-25 17:00:00,4.8
1187,2024-02-25 17:30:00,4.8
1188,2024-02-25 18:00:00,4.8
1189,2024-02-25 18:30:00,4.8
1190,2024-02-25 19:00:00,4.8
1191,2024-02-25 19:30:00,4.8
1192,2024-02-25 20:00:00,4.8
1193,2024-02-25 20:30:00,4.8
1194,2024-02-25 21:00:00,4.8
1195,2024-02-25 21:30:00,4.8
1196,2024-02-25 22:00:00,4.8
1197,2024-02-25 22:30:00,4.8
1198,2024-02-25 23:00:00,4.8
1199,2024-02-25 23:30:00,4.8
1200,2024-02-26 00:00:00,4.9
1201,2024-02-26 00:30:00,4.9
1202,2024-02-26 01:00:00,4.9
1203,2024-02-26 01:30:00,4.9
1204,2024-02-26 02:00:00,4.9
1205,2024-02-26 02:30:00,4.9
1206,2024-02-26 03:00:00,4.9
1207,2024-02-26 03:30:00,4.9
1208,2024-02-26 04:00:00,4.9
1209,2024-02-26 04:30:00,4.9
1210,2024-02-26 05:00:00,4.9
1211,2024-02-26 05:30:00,4.9
1212,2024-02-26 06:00:00,4.9
1213,2024-02-26 06:30:00,4.9
1214,2024-02-26 07:00:00,4.9
1215,2024-02-26 07:30:00,4.9
1216,2024-02-26 08:00:00,4.9
1217,2024-02-26 08:30:00,4.9
1218,2024-02-26 09:00:00,4.9
1219,2024-02-26 09:30:00,4.9
1220,2024-02-26 10:00:00,4.9
1221,2024-02-26 10:30:00,4.9
1222,2024-02-26 11:00:00,4.9
1223,2024-02-26 11:30:00,4.9
1224,2024-02-26 12:00:00,4.9
1225,2024-02-26 12:30:00,4.9
1226,2024-02-26 13:00:00,4.9
1227,2024-02-26 13:30:00,4.9
1228,2024-02-26 14:00:00,4.9
1229,2024-02-26 14:30:00,4.9
1230,2024-02-26 15:00:00,4.9
1231,2024-02-26 15:30:00,4.9
1232,2024-02-26 16:00:00,4.9
1233,2024-02-26 16:30:00,4.9
1234,2024-02-26 17:00:00,4.9
1235,2024-02-26 17:30:00,4.9
1236,2024-02-26 18:00:00,4.9
1237,2024-02-26 18:30:00,4.9
1238,2024-02-26 19:00:00,4.9
1239,2024-02-26 19:30:00,4.9
1240,2024-02-26 20:00:00,4.9
1241,2024-02-26 20:30:00,4.9
1242,2024-02-26 21:00:00,4.9
1243,2024-02-26 21:30:00,4.9
1244,2024-02-26 22:00:00,4.9
1245,2024-02-26 22:30:00,4.9
1246,2024-02-26 23:00:00,4.9
1247,2024-02-26 23:30:00,4.9
1248,2024-02-27 00:00:00,4.5
1249,2024-02-27 00:30:00,4.5
1250,2024-02-27 01:00:00,4.5
1251,2024-02-27 01:30:00,4.5
1252,2024-02-27 02:00:00,4.5
1253,2024-02-27 02:30:00,4.5
1254,2024-02-27 03:00:00,4.5
1255,2024-02-27 03:30:00,4.5
1256,2024-02-27 04:00:00,4.5
1257,2024-02-27 04:30:00,4.5
1258,2024-02-27 05:00:00,4.5
1259,2024-02-27 05:30:00,4.5
1260,2024-02-27 06:00:00,4.5
1261,2024-02-27 06:30:00,4.5
1262,2024-02-27 07:00:00,4.5
1263,2024-02-27 07:30:00,4.5
1264,2024-02-27 08:00:00,4.5
1265,2024-02-27 08:30:00,4.5
1266,2024-02-27 09:00:00,4.5
1267,2024-02-27 09:30:00,4.5
1268,2024-02-27 10:00:00,4.5
1269,2024-02-27 10:30:00,4.5
1270,2024-02-27 11:00:00,4.5
1271,2024-02-27 11:30:00,4.5
1272,2024-02-27 12:00:00,4.5
1273,2024-02-27 12:30:00,4.5
1274,2024-02-27 13:00:00,4.5
1275,2024-02-27 13:30:00,4.5
1276,2024-02-27 14:00:00,4.5
1277,2024-02-27 14:30:00,4.5
1278,2024-02-27 15:00:00,4.5
1279,2024-02-27 15:30:00,4.5
1280,2024-02-27 16:00:00,4.5
1281,2024-02-27 16:30:00,4.5
1282,2024-02-27 17:00:00,4.5
1283,2024-02-27 17:30:00,4.5
1284,2024-02-27 18:00:00,4.5
1285,2024-02-27 18:30:00,4.5
1286,2024-02-27 19:00:00,4.5
1287,2024-02-27 19:30:00,4.5
1288,2024-02-27 20:00:00,4.5
1289,2024-02-27 20:30:00,4.5
1290,2024-02-27 21:00:00,4.5
1291,2024-02-27 21:30:00,4.5
1292,2024-02-27 22:00:00,4.5
1293,2024-02-27 22:30:00,4.5
1294,2024-02-27 23:00:00,4.5
1295,2024-02-27 23:30:00,4.5
1296,2024-02-28 00:00:00,5.3
1297,2024-02-28 00:30:00,5.3
1298,2024-02-28 01:00:00,5.3
1299,2024-02-28 01:30:00,5.3
1300,2024-02-28 02:00:00,5.3
1301,2024-02-28 02:30:00,5.3
1302,2024-02-28 03:00:00,5.3
1303,2024-02-28 03:30:00,5.3
1304,2024-02-28 04:00:00,5.3
1305,2024-02-28 04:30:00,5.3
1306,2024-02-28 05:00:00,5.3
1307,2024-02-28 05:30:00,5.3
1308,2024-02-28 06:00:00,5.3
1309,2024-02-28 06:30:00,5.3
1310,2024-02-28 07:00:00,5.3
1311,2024-02-28 07:30:00,5.3
1312,2024-02-28 08:00:00,5.3
1313,2024-02-28 08:30:00,5.3
1314,2024-02-28 09:00:00,5.3
1315,2024-02-28 09:30:00,5.3
1316,2024-02-28 10:00:00,5.3
1317,2024-02-28 10:30:00,5.3
1318,2024-02-28 11:00:00,5.3
1319,2024-02-28 11:30:00,5.3
1320,2024-02-28 12:00:00,5.3
1321,2024-02-28 12:30:00,5.3
1322,2024-02-28 13:00:00,5.3
1323,2024-02-28 13:30:00,5.3
1324,2024-02-28 14:00:00,5.3
1325,2024-02-28 14:30:00,5.3
1326,2024-02-28 15:00:00,5.3
1327,2024-02-28 15:30:00,5.3
1328,2024-02-28 16:00:00,5.3
1329,2024-02-28 16:30:00,5.3
1330,2024-02-28 17:00:00,5.3
1331,2024-02-28 17:30:00,5.3
1332,2024-02-28 18:00:00,5.3
1333,2024-02-28 18:30:00,5.3
1334,2024-02-28 19:00:00,5.3
1335,2024-02-28 19:30:00,5.3
1336,2024-02-28 20:00:00,5.3
1337,2024-02-28 20:30:00,5.3
1338,2024-02-28 21:00:00,5.3
1339,2024-02-28 21:30:00,5.3
1340,2024-02-28 22:00:00,5.3
1341,2024-02-28 22:30:00,5.3
1342,2024-02-28 23:00:00,5.3
1343,2024-02-28 23:30:00,5.3
1344,2024-02-29 00:00:00,4.7
1345,2024-02-29 00:30:00,4.7
1346,2024-02-29 01:00:00,4.7
1347,2024-02-29 01:30:00,4.7
1348,2024-02-29 02:00:00,4.7
1349,2024-02-29 02:30:00,4.7
1350,2024-02-29 03:00:00,4.7
1351,2024-02-29 03:30:00,4.7
1352,2024-02-29 04:00:00,4.7
1353,2024-02-29 04:30:00,4.7
1354,2024-02-29 05:00:00,4.7
1355,2024-02-29 05:30:00,4.7
1356,2024-02-29 06:00:00,4.7
1357,2024-02-29 06:30:00,4.7
1358,2024-02-29 07:00:00,4.7
1359,2024-02-29 07:30:00,4.7
1360,2024-02-29 08:00:00,4.7
1361,2024-02-29 08:30:00,4.7
1362,2024-02-29 09:00:00,4.7
1363,2024-02-29 09:30:00,4.7
1364,2024-02-29 10:00:00,4.7
1365,2024-02-29 10:30:00,4.7
1366,2024-02-29 11:00:00,4.7
1367,2024-02-29 11:30:00,4.7
1368,2024-02-29 12:00:00,4.7
1369,2024-02-29 12:30:00,4.7
1370,2024-02-29 13:00:00,4.7
1371,2024-02-29 13:30:00,4.7
1372,2024-02-29 14:00:00,4.7
1373,2024-02-29 14:30:00,4.7
1374,2024-02-29 15:00:00,4.7
1375,2024-02-29 15:30:00,4.7
1376,2024-02-29 16:00:00,4.7
1377,2024-02-29 16:30:00,4.7
1378,2024-02-29 17:00:00,4.7
1379,2024-02-29 17:30:00,4.7
1380,2024-02-29 18:00:00,4.7
1381,2024-02-29 18:30:00,4.7
1382,2024-02-29 19:00:00,4.7
1383,2024-02-29 19:30:00,4.7
1384,2024-02-29 20:00:00,4.7
1385,2024-02-29 20:30:00,4.7
1386,2024-02-29 21:00:00,4.7
1387,2024-02-29 21:30:00,4.7
1388,2024-02-29 22:00:00,4.7
1389,2024-02-29 22:30:00,4.7
1390,2024-02-29 23:00:00,4.7
1391,2024-02-29 23:30:00,4.7
